channel_title,channel_url,message_url,date,risk_score,found_keywords,found_tags,text_snippet
Slavic Blood,https://t.me/slavicblood2024,https://t.me/s/slavicblood2024,2025-11-29T19:29:22.528933,0,,,No suspicious keywords found in recent messages
PL.ELEKTRONIK,https://t.me/pl_elektronik,https://t.me/s/pl_elektronik,2025-11-29T19:29:28.350356,0,,,No suspicious keywords found in recent messages
Szent IstvÃ¡n LÃ©giÃ³ja,https://t.me/istvan_hungary,https://t.me/s/istvan_hungary,2025-11-29T19:29:30.173155,0,,,No suspicious keywords found in recent messages
Embajada de Rusia en Uruguay,https://t.me/EmbRusUruguay,https://t.me/EmbRusUruguay/6379,2025-11-12T17:12:07+00:00,10,14,SYMBOLS_CODES,"ğŸ¨ğŸ‡·ğŸ‡º Â¡Concurso Internacional para JÃ³venes Artistas â€œKARTINA MIRA 2025â€“2026â€!  ğŸŒ Artistas de 18 a 35 aÃ±os de todo el mundo estÃ¡n invitados a participar en las categorÃ­as:  ğŸ–Œï¸ Pintura, âœï¸ GrÃ¡fica ğŸ’» Arte "
Embajada de Rusia en Uruguay,https://t.me/EmbRusUruguay,https://t.me/EmbRusUruguay/6381,2025-11-15T10:44:16+00:00,10,14,SYMBOLS_CODES,"ğŸ™ El fragmento de la rueda de prensa de la portavoz de la CancillerÃ­a rusa, MarÃ­a ZajÃ¡rova, sobre la polÃ­tica antidrogas de EE.UU. en #AmÃ©ricaLatina (14 de noviembre de 2025)  Desde septiembre de 2025"
Embajada de Rusia en Uruguay,https://t.me/EmbRusUruguay,https://t.me/EmbRusUruguay/6387,2025-11-18T03:24:51+00:00,10,14,SYMBOLS_CODES,"ğŸ™ Respuesta de la portavoz de la CancillerÃ­a rusa, MarÃ­a ZajÃ¡rova, a la pregunta de los medios de comunicaciÃ³n en torno a la #CĞP30 (rueda de prensa, 14 de noviembre de 2025)  â“Pregunta: En Brasil se "
Embajada de Rusia en Uruguay,https://t.me/EmbRusUruguay,https://t.me/EmbRusUruguay/6391,2025-11-24T20:01:45+00:00,10,14,SYMBOLS_CODES,"ğŸ“£ Por si te lo perdiste, aquÃ­ estÃ¡n los puntos clave de la rueda de prensa de nuestra portavoz, MarÃ­a ZajÃ¡rova (20 de noviembre de 2025)  ğŸ”¹ Agenda del Canciller de Rusia, SerguÃ©i Lavrov ğŸ”¹ Crisis ucran"
Embajada de Rusia en Uruguay,https://t.me/EmbRusUruguay,https://t.me/EmbRusUruguay/6405,2025-11-28T14:18:12+00:00,10,14,SYMBOLS_CODES,"ğŸš€ El 27 de noviembre a las 12:28 (hora de MoscÃº), desde Baikonur, despegÃ³ el cohete portador Â«Soyuz-2.1aÂ», que llevÃ³ al espacio a la tripulaciÃ³n de la nave Â«Soyuz MS-28Â».  La tripulaciÃ³n estÃ¡ formada "
Niklot,https://t.me/Niklottg,https://t.me/Niklottg/1680,2025-11-23T13:16:55+00:00,30,akcja,RUSSIAN_UKRAINIAN_RECRUITMENT,"âœ…Prezentujemy nowy numer naszego portalu. Zapraszamy do lektury.  ğŸ‘Œ Adrianna GÄ…siorek - Zamiast dzieci mamy psy? Mity, uproszczenia i rzeczywiste przyczyny kryzysu demograficznego ğŸ‘ŒAdam Seweryn - Patr"
Polski Wrzask,https://t.me/PolskiWrzask,https://t.me/PolskiWrzask/955,2025-11-20T19:06:35+00:00,50,sabotaÅ¼,"DIRECT, SABOTAGE_EUPHEMISMS",IdÅºcie na wojne bo to kolejny sabotaÅ¼ Putina ğŸ˜‚ğŸ‰ Albo do roboty bo podatki trzeba zapÅ‚aciÄ‡ i ZUS ğŸ˜‚ğŸ˜‚ğŸ˜‚ğŸ˜‚ğŸ˜‚ğŸ˜‚ğŸ˜‚ğŸ˜‚ğŸ˜‚ğŸ˜‚ğŸ˜‚ğŸ˜‚ğŸ˜‚ğŸ˜‚ğŸ˜‚ğŸ˜‚ğŸ˜‚ğŸ˜‚ğŸ˜‚
KanaÅ‚ informacyjny ğŸ¸KJUğŸ¸,https://t.me/infokju,https://t.me/infokju/83234,2025-11-29T01:12:23+00:00,10,komÃ³rka,RADICAL_ORGANIZATION,"Nowe badania wykazaÅ‚y, Å¼e szafran, najcenniejsza przyprawa na Å›wiecie, moÅ¼e leczyÄ‡ chorobÄ™ Alzheimera rÃ³wnie skutecznie, jak wiodÄ…ce leki farmaceutyczne. W 22-tygodniowym badaniu klinicznym pacjenci, "
KanaÅ‚ informacyjny ğŸ¸KJUğŸ¸,https://t.me/infokju,https://t.me/infokju/83239,2025-11-29T08:54:33+00:00,30,rafineria,INFRASTRUCTURE_TARGETS,ğŸ‡ºğŸ‡¦ ğŸ‡·ğŸ‡º Dzisiejszej nocy rÃ³wnieÅ¼ ukraiÅ„skie drony nie pozostaÅ‚y bierne i zaatakowaÅ‚y RafineriÄ™ AfipskÄ… w Kraju Krasnodarskim.  Od 2023 roku ta rafineria byÅ‚a juÅ¼ co najmniej osiem razy celem atakÃ³w.  t.
KanaÅ‚ informacyjny ğŸ¸KJUğŸ¸,https://t.me/infokju,https://t.me/infokju/83243,2025-11-29T12:11:18+00:00,30,magazyn,INFRASTRUCTURE_TARGETS,Wymowna okÅ‚adka najnowszego numeru magazynu The Week  @infokju
KanaÅ‚ informacyjny ğŸ¸KJUğŸ¸,https://t.me/infokju,https://t.me/infokju/83248,2025-11-29T18:27:48+00:00,30,obiekt,RUSSIAN_UKRAINIAN_RECRUITMENT,"Piotr Wierzbicki zaÅ‚oÅ¼yciel, i przez lat parÄ™ redaktor naczelny Gazety Polskiej, ktÃ³rÄ… mu w przebiegÅ‚y sposÃ³b odebraÅ‚ Sakiewicz i spÃ³Å‚ka - caÅ‚kiem legalnie, ale w sposÃ³b skandaliczny. Autor tzw -""Trak"
Ğ¢Ğ¸Ğ¿Ğ¸Ñ‡Ğ½Ñ‹Ğ¹ Ğ’Ñ€Ğ¾Ñ†Ğ»Ğ°Ğ²/Wroclaw/ĞŸĞ¾Ğ»ÑŒÑˆĞ°,https://t.me/typicalwro,https://t.me/typicalwro/10985,2025-11-28T17:20:02+00:00,40,USDT,RECRUITMENT_PAYMENT,"ğŸ’¸ USDT â†’ ĞĞ°Ğ»Ğ¸Ñ‡ĞºĞ° Ğ² ĞŸĞ¾Ğ»ÑŒÑˆĞµ  Ğ‘Ñ‹ÑÑ‚Ñ€Ñ‹Ğ¹, Ğ½Ğ°Ğ´Ñ‘Ğ¶Ğ½Ñ‹Ğ¹ Ğ¸ ÑƒĞ´Ğ¾Ğ±Ğ½Ñ‹Ğ¹ Ğ¾Ğ±Ğ¼ĞµĞ½ Ğ´Ğ»Ñ Ñ‚ĞµÑ…, ĞºĞ¾Ğ¼Ñƒ Ğ²Ğ°Ğ¶Ğ½Ğ¾ Ğ¿Ğ¾Ğ»ÑƒÑ‡Ğ¸Ñ‚ÑŒ Ğ½Ğ°Ğ»Ğ¸Ñ‡Ğ½Ñ‹Ğµ Ğ² Ñ‚Ğ¾Ñ‚ Ğ¶Ğµ Ğ´ĞµĞ½ÑŒ.  ĞœÑ‹ Ñ€Ğ°Ğ±Ğ¾Ñ‚Ğ°ĞµĞ¼ Ğ² ĞºÑ€ÑƒĞ¿Ğ½ĞµĞ¹ÑˆĞ¸Ñ… Ğ³Ğ¾Ñ€Ğ¾Ğ´Ğ°Ñ…: ğŸ“ Ğ’Ğ°Ñ€ÑˆĞ°Ğ²Ğ° / Ğ’Ñ€Ğ¾Ñ†Ğ»Ğ°Ğ² / ĞšÑ€Ğ°ĞºĞ¾Ğ² / Ğ“Ğ´Ğ°Ğ½ÑŒÑĞº / ĞŸĞ¾Ğ·Ğ½Ğ°Ğ½ÑŒ / "
ĞšĞĞ ĞĞ˜Ğ›ĞĞ’,https://t.me/kornilov1968,https://t.me/s/kornilov1968,2025-11-29T19:29:46.537186,0,,,No suspicious keywords found in recent messages
Hooligans.cz,https://t.me/hooliganscz1999,https://t.me/s/hooliganscz1999,2025-11-29T19:29:49.655775,0,,,No suspicious keywords found in recent messages
WiadomoÅ›ci Telegrama,https://t.me/TelegramPL,https://t.me/s/TelegramPL,2025-11-29T19:29:55.201446,0,,,No suspicious keywords found in recent messages
Silesian Rats Crew,https://t.me/silesianratscrew,https://t.me/silesianratscrew/278,2025-09-10T07:43:56+00:00,30,obiekt,RUSSIAN_UKRAINIAN_RECRUITMENT,"Dzisiejszej nocy, w zwiÄ…zku z masowym atakiem dronowym Federacji Rosyjskiej na UkrainÄ™, doszÅ‚o do kilkunastu przypadkÃ³w naruszenia polskiej przestrzeni powietrznej przez bezzaÅ‚ogowe statki powietrzne."
Ostatni Legion,https://t.me/ostatnilegion,https://t.me/ostatnilegion/154,2025-01-05T08:47:40+00:00,5,CzoÅ‚em Wielkiej Polsce,NATIONALIST_IDEOLOGY,"PiÄ™Ä‡ dni temu weszliÅ›my w nowy, 2025 rok. Dla nas jako organizacji oznacza to rÃ³wnieÅ¼, Å¼e nasze struktury istniejÄ… juÅ¼ peÅ‚ny rok.  Ostatnie 12 miesiÄ™cy byÅ‚y dla nas dynamicznym czasem. Z rzeczy najwaÅ¼"
Unknown/Error,https://t.me/NSZGroup,,2025-11-29T19:30:29.421468,0,,,Could not scrape channel preview
"Kto mÃ³wi prawdÄ™, ten niepokÃ³j wszczyna",https://t.me/ksokolowska,https://t.me/s/ksokolowska,2025-11-29T19:30:30.924277,0,,,No suspicious keywords found in recent messages
ObÃ³z Narodowo-Radykalny,https://t.me/oboz1934,https://t.me/oboz1934/2723,2025-11-19T13:16:34+00:00,30,obiekt,RUSSIAN_UKRAINIAN_RECRUITMENT,Dyrekcja Kompleksu Pomnika KatyÅ„skiego poinformowaÅ‚a na swojej stronie internetowej o wykonaniu postanowienia prokuratury obwodu smoleÅ„skiego odnoÅ›nie demontaÅ¼u polskich symboli na cmentarzu w Katyniu
ObÃ³z Narodowo-Radykalny,https://t.me/oboz1934,https://t.me/oboz1934/2724,2025-11-23T12:26:34+00:00,30,akcja,RUSSIAN_UKRAINIAN_RECRUITMENT,"âœ…Prezentujemy nowy numer naszego portalu. Zapraszamy do lektury.  ğŸ‘Œ Adrianna GÄ…siorek - Zamiast dzieci mamy psy? Mity, uproszczenia i rzeczywiste przyczyny kryzysu demograficznego ğŸ‘ŒAdam Seweryn - Patr"
ObÃ³z Narodowo-Radykalny,https://t.me/oboz1934,https://t.me/oboz1934/2730,2025-11-28T18:11:41+00:00,5,ONR,HISTORICAL_MARKERS,W minionÄ… sobotÄ™ odbyÅ‚o siÄ™ w GdaÅ„sku wyjÄ…tkowe spotkanie. Na zaproszenie Brygady Pomorskiej ONR oraz trÃ³jmiejskiego Niklota zawitaÅ‚ do TrÃ³jmiasta Pan Janusz WaluÅ›.  Na spotkaniu na ktÃ³rym pojawiÅ‚o si
Super|Biologiya|Uz,https://t.me/Super_Biologiya_Uz,https://t.me/s/Super_Biologiya_Uz,2025-11-29T19:30:35.027106,0,,,No suspicious keywords found in recent messages
Autonom.pl - portal niezaleÅ¼nych nacjonalistÃ³w,https://t.me/AutonomPL,https://t.me/AutonomPL/3402,2025-11-19T13:10:17+00:00,30,obiekt,RUSSIAN_UKRAINIAN_RECRUITMENT,Dyrekcja Kompleksu Pomnika KatyÅ„skiego poinformowaÅ‚a na swojej stronie internetowej o wykonaniu postanowienia prokuratury obwodu smoleÅ„skiego odnoÅ›nie demontaÅ¼u polskich symboli na cmentarzu w Katyniu
Autonom.pl - portal niezaleÅ¼nych nacjonalistÃ³w,https://t.me/AutonomPL,https://t.me/AutonomPL/3409,2025-11-25T18:30:30+00:00,10,oddziaÅ‚,RADICAL_ORGANIZATION,"GÅ‚oÅ›ny w ostatnim czasie, pierwszy w historii polskich filii francuskiego koncernu motoryzacyjnego Valeo, trwajÄ…cy piÄ™Ä‡ dni strajk generalny, zakoÅ„czyÅ‚ siÄ™ chwilowym ""zawieszeniem broni"" pomiÄ™dzy stra"
Wolne Media,https://t.me/wolnemedia,https://t.me/s/wolnemedia,2025-11-29T19:30:37.849895,0,,,No suspicious keywords found in recent messages
Awakening Process ğŸ¦…ğŸ‡µğŸ‡±ğŸº,https://t.me/wprocesiebudzenia,https://t.me/s/wprocesiebudzenia,2025-11-29T19:30:43.462927,0,,,No suspicious keywords found in recent messages
Mateusz Piskorski / ĞœĞ°Ñ‚ĞµÑƒÑˆ ĞŸĞ¸ÑĞºĞ¾Ñ€ÑĞºĞ¸Ğ¹,https://t.me/piskorski,https://t.me/piskorski/499,2025-07-11T18:13:37+00:00,30,Ğ¾Ğ±ÑŠĞµĞºÑ‚,RUSSIAN_UKRAINIAN_RECRUITMENT,"Ğ¡Ğ¾Ğ²Ñ€ĞµĞ¼ĞµĞ½Ğ½Ğ°Ñ Ğ£ĞºÑ€Ğ°Ğ¸Ğ½Ğ° - ÑÑ‚Ğ¾ Ğ½Ğµ Ñ‚Ğ¾Ğ»ÑŒĞºĞ¾ ""Ğ°Ğ½Ñ‚Ğ¸-Ğ Ğ¾ÑÑĞ¸Ñ"", Ğ½Ğ¾ Ğ¸ Ğ² ĞºĞ°ĞºĞ¾Ğ¹-Ñ‚Ğ¾ ÑÑ‚ĞµĞ¿ĞµĞ½Ğ¸ ""Ğ°Ğ½Ñ‚Ğ¸-ĞŸĞ¾Ğ»ÑŒÑˆĞ°"", Ğ·Ğ°ÑĞ²Ğ¸Ğ» Ğ¿Ğ¾Ğ»ÑŒÑĞºĞ¸Ğ¹ Ğ¿Ğ¾Ğ»Ğ¸Ñ‚Ğ¾Ğ»Ğ¾Ğ³, Ğ¾Ğ±Ğ¾Ğ·Ñ€ĞµĞ²Ğ°Ñ‚ĞµĞ»ÑŒ Ğ³Ğ°Ğ·ĞµÑ‚Ñ‹ ""ĞŸĞ¾Ğ»ÑŒÑĞºĞ°Ñ Ğ¼Ñ‹ÑĞ»ÑŒ"" ĞœĞ°Ñ‚ĞµÑƒÑˆ ĞŸĞ¸ÑĞºĞ¾Ñ€ÑĞºĞ¸Ğ¹.  Ğ’ Ğ¸Ğ½Ñ‚ĞµÑ€Ğ²ÑŒÑ Ñ‚ĞµĞ»ĞµĞºĞ°Ğ½Ğ°Ğ»Ñƒ ""Ğ Ğ¾Ñ"
Silesia & Furries,https://t.me/Silesiaandfurries,https://t.me/s/Silesiaandfurries,2025-11-29T19:30:47.164904,0,,,No suspicious keywords found in recent messages
Ğ‘Ğ°ÑÑ‚Ğ°!,https://t.me/bnkbel,https://t.me/bnkbel/153959,2025-11-29T09:05:57+00:00,30,Ğ¾Ğ±ÑŠĞµĞºÑ‚,RUSSIAN_UKRAINIAN_RECRUITMENT,"Ğ Ğ¾ÑÑĞ¸Ñ Ğ²Ñ‹Ğ¿ÑƒÑÑ‚Ğ¸Ğ»Ğ° Ğ¾ĞºĞ¾Ğ»Ğ¾ 36 Ñ€Ğ°ĞºĞµÑ‚ Ğ¸ Ğ¿Ğ¾Ñ‡Ñ‚Ğ¸ 600 Ğ´Ñ€Ğ¾Ğ½Ğ¾Ğ² Ğ¿Ğ¾ Ğ¾Ğ±ÑŠĞµĞºÑ‚Ğ°Ğ¼ Ğ¼Ğ¸Ñ€Ğ½Ğ¾Ğ¹ Ğ¶Ğ¸Ğ·Ğ½Ğ¸, ÑĞ¾Ğ¾Ğ±Ñ‰Ğ¸Ğ» Ğ—ĞµĞ»ĞµĞ½ÑĞºĞ¸Ğ¹.  Ğ“Ğ»Ğ°Ğ²Ğ½Ñ‹Ğµ Ñ†ĞµĞ»Ğ¸ â€” ÑĞ½ĞµÑ€Ğ³ĞµÑ‚Ğ¸Ñ‡ĞµÑĞºĞ°Ñ Ğ¸Ğ½Ñ„Ñ€Ğ°ÑÑ‚Ñ€ÑƒĞºÑ‚ÑƒÑ€Ğ° Ğ¸ Ğ³Ñ€Ğ°Ğ¶Ğ´Ğ°Ğ½ÑĞºĞ¸Ğµ Ğ¾Ğ±ÑŠĞµĞºÑ‚Ñ‹. ĞŸĞ¾Ğ²Ñ€ĞµĞ¶Ğ´ĞµĞ½Ñ‹ Ğ¶Ğ¸Ğ»Ñ‹Ğµ Ğ´Ğ¾Ğ¼Ğ°, Ğ²Ğ¾Ğ·Ğ½Ğ¸ĞºĞ»Ğ¸ Ğ¿Ğ¾Ğ¶"
VandaliNation,https://t.me/VandaliNation,https://t.me/s/VandaliNation,2025-11-29T19:30:50.708414,0,,,No suspicious keywords found in recent messages
Pan Nikt,https://t.me/tomaszgryguc,https://t.me/s/tomaszgryguc,2025-11-29T19:30:52.253667,0,,,No suspicious keywords found in recent messages
Russian MFA ğŸ‡·ğŸ‡º,https://t.me/MFARussia,https://t.me/MFARussia/27402,2025-11-28T21:01:42+00:00,10,14,SYMBOLS_CODES,"ğŸ™ President Vladimir Putinâ€™s answers to media questions following his state visit to Kyrgyzstan and the CSTO Summit (November 27, 2025, Bishkek)  Key points:  â€¢ There were no draft treaties on Ukraini"
NewsFactoryPL,https://t.me/newsfactory_pl,https://t.me/newsfactory_pl/80064,2025-11-29T17:22:17+00:00,30,obiekt,RUSSIAN_UKRAINIAN_RECRUITMENT,"MieszkaÅ„cy kilku dzielnic Kijowa majÄ… w domach zimne kaloryfery, ponad pÃ³Å‚ miliona nie ma prÄ…du. Z powodu braku zasilania nie kursujÄ… tramwaje i trolejbusy ğŸ’¡  W nocy i wczesnym rankiem w mieÅ›cie sÅ‚ych"
Nacjonalista.pl - portal NR,https://t.me/nacjonalistapl,https://t.me/nacjonalistapl/15574,2025-11-23T19:40:24+00:00,30,akcja,RUSSIAN_UKRAINIAN_RECRUITMENT,"""Corneliu Codreanu czÄ™sto powtarzaÅ‚ Legionistom â€bÄ…dÅºcie przykÅ‚adem!â€. Nacjonalista nie moÅ¼e z piedestaÅ‚u, jak to majÄ… w zwyczaju internetowe gwiazdki â€Antysystemuâ€, mÃ³wiÄ‡ innym co majÄ… robiÄ‡, samemu "
V2rayNG NapsternetV FoXray V2box proxy Wings X Streisand,https://t.me/iphone02016vpn,https://t.me/s/iphone02016vpn,2025-11-29T19:31:00.969812,0,,,No suspicious keywords found in recent messages
ğŸ‡µğŸ‡± AKTUALNOÅšCI DOTYCZÄ„CE CYFROWEGO SYSTEMU FINANSOWEGOğŸ‡µğŸ‡±,https://t.me/nesaragesara4u,https://t.me/nesaragesara4u/8786,2025-11-27T19:58:00+00:00,10,14,SYMBOLS_CODES,"Najnowsze wiadomoÅ›ci ğŸš¨  324 lekarzy, pielÄ™gniarek i kadry kierowniczej zostaÅ‚o oskarÅ¼onych w najwiÄ™kszej sprawie o oszustwo w historii amerykaÅ„skiej sÅ‚uÅ¼by zdrowia. â€Operacja GorÄ…czka ZÅ‚otaâ€ ujawnia o"
ğŸ‡µğŸ‡± AKTUALNOÅšCI DOTYCZÄ„CE CYFROWEGO SYSTEMU FINANSOWEGOğŸ‡µğŸ‡±,https://t.me/nesaragesara4u,https://t.me/nesaragesara4u/8795,2025-11-29T10:39:44+00:00,30,akcja,RUSSIAN_UKRAINIAN_RECRUITMENT,"Nie, Tesla nie buduje telefonu.  PomijajÄ… caÅ‚Ä… koncepcjÄ™.  UrzÄ…dzenie w kieszeni nie bÄ™dzie juÅ¼ telefonem.  BÄ™dzie to niezwykle cienki wÄ™zeÅ‚ brzegowy AI, w zasadzie ekran z moduÅ‚ami bezprzewodowymi, k"
Partyzanka,https://t.me/partyzanka_rb_pl,https://t.me/partyzanka_rb_pl/766,2025-10-17T13:07:52+00:00,10,14,SYMBOLS_CODES,"ğŸ”´ Ğ’Ğ½Ğ¸Ğ¼Ğ°Ğ½Ğ¸Ğµ! Ğ˜Ğ·Ğ¼ĞµĞ½Ğ¸Ğ»ÑÑ Ğ°Ğ´Ñ€ĞµÑ Ğ¿Ğ¾Ğ´Ğ°Ñ‡Ğ¸ Ğ·Ğ°ÑĞ²Ğ»ĞµĞ½Ğ¸Ğ¹ Ğ½Ğ° Ğ¼ĞµĞ¶Ğ´ÑƒĞ½Ğ°Ñ€Ğ¾Ğ´Ğ½ÑƒÑ Ğ·Ğ°Ñ‰Ğ¸Ñ‚Ñƒ Ğ² Ğ’Ğ°Ñ€ÑˆĞ°Ğ²Ğµ  Ğ¡ Ğ¿Ğ¾Ğ½ĞµĞ´ĞµĞ»ÑŒĞ½Ğ¸ĞºĞ°, 20 Ğ¾ĞºÑ‚ÑĞ±Ñ€Ñ 2025 Ğ³Ğ¾Ğ´Ğ°, Ğ¿Ğ¾Ğ´Ñ€Ğ°Ğ·Ğ´ĞµĞ»ĞµĞ½Ğ¸Ğµ StraÅ¼ Graniczna, Ğ¾Ñ‚Ğ²ĞµÑ‚ÑÑ‚Ğ²ĞµĞ½Ğ½Ğ¾Ğµ Ğ·Ğ° Ğ¿Ñ€Ğ¸Ñ‘Ğ¼ Ğ·Ğ°ÑĞ²Ğ»ĞµĞ½Ğ¸Ğ¹ Ğ½Ğ° Ğ¼ĞµĞ¶Ğ´ÑƒĞ½Ğ°Ñ€Ğ¾Ğ´Ğ½ÑƒÑ Ğ·"
Partyzanka,https://t.me/partyzanka_rb_pl,https://t.me/partyzanka_rb_pl/769,2025-10-24T04:53:01+00:00,10,14,SYMBOLS_CODES,"ğŸš¨ ĞŸĞ¾Ğ´Ğ´ĞµÑ€Ğ¶Ğ¸Ñ‚Ğµ ĞĞ°Ñ‚Ğ°Ğ»ÑŒÑ ĞŸĞ¾Ğ´Ğ»ĞµĞ²ÑĞºÑƒÑ (Ğ±Ñ‹Ğ²ÑˆÑƒÑ Ğ¿Ğ¾Ğ»Ğ¸Ñ‚Ğ·Ğ°ĞºĞ»ÑÑ‡Ñ‘Ğ½Ğ½ÑƒÑ, Ğ½Ğ°ÑĞ¸Ğ»ÑŒĞ½Ğ¾ Ğ²Ñ‹Ğ²ĞµĞ·ĞµĞ½Ğ½ÑƒÑ Ğ¸Ğ· ĞŸĞ¾Ğ»ÑŒÑˆĞ¸) â€“ Ğ½Ğ° ÑÑƒĞ´ĞµĞ±Ğ½Ğ¾Ğ¼ Ğ·Ğ°ÑĞµĞ´Ğ°Ğ½Ğ¸Ğ¸, ĞºĞ¾Ñ‚Ğ¾Ñ€Ğ¾Ğ³Ğ¾ ĞµÑ‘ Ñ„Ğ°ĞºÑ‚Ğ¸Ñ‡ĞµÑĞºĞ¸ Ğ»Ğ¸ÑˆĞ¸Ğ»Ğ¸. ğŸ“† Ğ¡ĞµĞ³Ğ¾Ğ´Ğ½Ñ 14:00, WojewÃ³dzki SÄ…d Administracyjny w Warsz"
Partyzanka,https://t.me/partyzanka_rb_pl,https://t.me/partyzanka_rb_pl/770,2025-10-24T13:23:42+00:00,10,14,SYMBOLS_CODES,"ğŸš¨ ĞŸĞ¾Ğ´Ğ´ĞµÑ€Ğ¶Ğ¸Ñ‚Ğµ ĞĞ°Ñ‚Ğ°Ğ»ÑŒÑ ĞŸĞ¾Ğ´Ğ»ĞµĞ²ÑĞºÑƒÑ (Ğ±Ñ‹Ğ²ÑˆÑƒÑ Ğ¿Ğ¾Ğ»Ğ¸Ñ‚Ğ·Ğ°ĞºĞ»ÑÑ‡Ñ‘Ğ½Ğ½ÑƒÑ, Ğ½Ğ°ÑĞ¸Ğ»ÑŒĞ½Ğ¾ Ğ²Ñ‹Ğ²ĞµĞ·ĞµĞ½Ğ½ÑƒÑ Ğ¸Ğ· ĞŸĞ¾Ğ»ÑŒÑˆĞ¸) â€“ Ğ½Ğ° ÑÑƒĞ´ĞµĞ±Ğ½Ğ¾Ğ¼ Ğ·Ğ°ÑĞµĞ´Ğ°Ğ½Ğ¸Ğ¸, ĞºĞ¾Ñ‚Ğ¾Ñ€Ğ¾Ğ³Ğ¾ ĞµÑ‘ Ñ„Ğ°ĞºÑ‚Ğ¸Ñ‡ĞµÑĞºĞ¸ Ğ»Ğ¸ÑˆĞ¸Ğ»Ğ¸. ğŸ“† Ğ¡ĞµĞ³Ğ¾Ğ´Ğ½Ñ 14:00, WojewÃ³dzki SÄ…d Administracyjny w Warsz"
KDP - Marek Stiller ğŸ¯,https://t.me/kdpwiadomosci,https://t.me/kdpwiadomosci/4696,2025-11-25T12:20:57+00:00,100,"jednostka, BTC","RECRUITMENT_PAYMENT, INFRASTRUCTURE_TARGETS","Ciekawa analiza od FrontRunners  âœ…  20 listopada napisali, Å¼e przez ostatnie dwa tygodnie mieliÅ›my do czynienia z konsekwentnym sprzedawaniem Bitcoina  KaÅ¼dego dnia idealnie na otworzeniu siÄ™ gieÅ‚dy w"
KDP - Marek Stiller ğŸ¯,https://t.me/kdpwiadomosci,https://t.me/kdpwiadomosci/4704,2025-11-26T18:33:19+00:00,40,BTC,RECRUITMENT_PAYMENT,"Bitcoin przebija $90,000  Ethereum znowu powyÅ¼ej $3,000  Warto wrÃ³ciÄ‡ do tego, co mÃ³wiÅ‚em w piÄ…tek, gdy mieliÅ›my najwiÄ™ksze spadki i doÅ‚ek tej korekty - https://t.me/kdpwiadomosci/4677  BTC byÅ‚ wtedy "
KDP - Marek Stiller ğŸ¯,https://t.me/kdpwiadomosci,https://t.me/kdpwiadomosci/4707,2025-11-28T11:05:49+00:00,40,BTC,RECRUITMENT_PAYMENT,"NiedÅ‚ugo na kanaÅ‚ wleci film o Ethereum.  PrzypomnÄ™, Å¼e wciÄ…Å¼ trzymam jakieÅ› 30% pozycji w $ETH i nie wykluczam scenariusza, w ktÃ³rym ether poradzi sobie lepiej niÅ¼ BTC podczas tej odbitki, ktÃ³rÄ… mamy"
WiadomoÅ›ci CzasÃ³w Ostatecznych,https://t.me/WiadomosciCzasowOstatecznych,https://t.me/s/WiadomosciCzasowOstatecznych,2025-11-29T19:31:12.531220,0,,,No suspicious keywords found in recent messages
RFU News â€” Raporty z Ukrainy,https://t.me/RFUPolski,https://t.me/RFUPolski/1235,2025-11-13T18:55:15+00:00,50,dywersja,"DIRECT, SABOTAGE_EUPHEMISMS",13 LIS: UkraiÅ„ska perfekcyjna dywersja pozwala na wycofanie poÅ‚owy siÅ‚ z Myrnohradu. | RFU News  ğŸ”´ Subskrybuj naszÄ… stronÄ™ z wiadomoÅ›ciami i uzyskaj dostÄ™p do ekskluzywnych strategicznych i taktycznyc
RFU News â€” Raporty z Ukrainy,https://t.me/RFUPolski,https://t.me/RFUPolski/1236,2025-11-14T18:57:47+00:00,10,14,SYMBOLS_CODES,14 LIS: Ukraina wystrzeliwuje rakiety: W caÅ‚ej Rosji pÅ‚onÄ… elektrownie. | RFU News  ğŸ”´ Subskrybuj naszÄ… stronÄ™ z wiadomoÅ›ciami i uzyskaj dostÄ™p do ekskluzywnych strategicznych i taktycznych raportÃ³w: h
Jacek MiÄ™dlar,https://t.me/jacekmiedlar,https://t.me/jacekmiedlar/393,2025-06-11T21:54:07+00:00,5,MiÄ™dlar,HISTORICAL_MARKERS,"PREMIERA 2. ODCINKA â€GENOCIDUM ATROXâ€ serialu dokumentalnego Jacka MiÄ™dlara â€SÄ…siedzi. Ostatni Åšwiadkowie ukraiÅ„skiego ludobÃ³jstwa na Polakachâ€  KALENDARIUM - LIPIEC 2025  Â· JELCZ-LASKOWICE, 5 lipca, "
Jacek MiÄ™dlar,https://t.me/jacekmiedlar,https://t.me/jacekmiedlar/397,2025-07-13T20:58:38+00:00,5,MiÄ™dlar,HISTORICAL_MARKERS,"JuÅ¼ jest w Internecie! 2. odcinek GENOCIDUM ATROX mojego serialu dokumentalnego ""SÄ…siedzi. Ostatni Åšwiadkowie ukraiÅ„skiego ludobÃ³jstwa na Polakach"" juÅ¼ jest dostÄ™pny pod linkiem:Â https://flixclassic.p"
Jacek MiÄ™dlar,https://t.me/jacekmiedlar,https://t.me/jacekmiedlar/402,2025-09-21T11:57:47+00:00,5,MiÄ™dlar,HISTORICAL_MARKERS,"NA Å»YWO miÄ™dzynarodowy festiwal, w ktÃ³rym biorÄ™ udziaÅ‚ z 1. odcinkiem ""SASIADÃ“W"" - bÄ…dÅºcie obecni w komentarzach i na czacie: https://www.youtube.com/live/f35OFxiuLfA?feature=shared â—ï¸â—ï¸â—ï¸Piszcie, Å¼e "
Legionisci.com,https://t.me/Legioniscicom,https://t.me/s/Legioniscicom,2025-11-29T19:31:18.042246,0,,,No suspicious keywords found in recent messages
UkÅ‚ad Warszawski,https://t.me/uklad_warszawski,https://t.me/uklad_warszawski/33109,2025-11-27T10:49:57+00:00,30,magazyn,INFRASTRUCTURE_TARGETS,"â—ï¸NaleÅ¼y zrewidowaÄ‡ kwestiÄ™ uzupeÅ‚niania szeregÃ³w SiÅ‚ Zbrojnych Ukrainy nowymi ludÅºmi â€” ZieleÅ„ski.  â€MÃ³wi siÄ™ o tym niemal w kaÅ¼dej brygadzie bojowej, obecnie istnieje rÃ³wnieÅ¼ polecenie Sztabu General"
UkÅ‚ad Warszawski,https://t.me/uklad_warszawski,https://t.me/uklad_warszawski/33126,2025-11-29T08:46:57+00:00,10,oddziaÅ‚,RADICAL_ORGANIZATION,"ğŸ”¥ Na Morzu Czarnym u wybrzeÅ¼y Turcji miaÅ‚y miejsce dwa powaÅ¼ne incydenty z udziaÅ‚em tankowcÃ³w objÄ™tych sankcjami.  Pierwszym poszkodowanym byÅ‚ tankowiec Kairos, pÅ‚ynÄ…cy z Egiptu do Rosji pod banderÄ… G"
ZwiÄ…zek Å»oÅ‚nierzy NSZ,https://t.me/zznsz,https://t.me/zznsz/1375,2023-02-11T14:11:30+00:00,5,NSZ,HISTORICAL_MARKERS,"20 czerwca 1993 r., MakÃ³w Mazowiecki. OdsÅ‚oniÄ™cie pomnika ku czci Komendanta pow. Makowskiego NSZ ppor. Aleksandra Piasecznego ps. ""Makary"". Od prawej stojÄ…: CzesÅ‚aw Czaplicki ps. ""RyÅ›"", StanisÅ‚aw Duc"
ZwiÄ…zek Å»oÅ‚nierzy NSZ,https://t.me/zznsz,https://t.me/zznsz/1376,2023-02-12T08:58:21+00:00,5,NSZ,HISTORICAL_MARKERS,Komenda N.O.W PoznaÅ„.  #KoÅ‚oRogoÅºno #ZwiÄ…zekÅ»oÅ‚nierzyNSZ #NSZ
ZwiÄ…zek Å»oÅ‚nierzy NSZ,https://t.me/zznsz,https://t.me/zznsz/1377,2023-02-12T08:58:45+00:00,5,NSZ,HISTORICAL_MARKERS,Dokument z mianowania Å¼oÅ‚nierzy Narodowej Organizacji Wojskowej.  #KoÅ‚oRogoÅºno #ZwiÄ…zekÅ»oÅ‚nierzyNSZ #NSZ
ZwiÄ…zek Å»oÅ‚nierzy NSZ,https://t.me/zznsz,https://t.me/zznsz/1380,2023-02-12T14:00:16+00:00,5,NSZ,HISTORICAL_MARKERS,"ğŸ‘‰ KaÅ¼dego dnia zapraszamy Was do odwiedzin jedynego w sieci kalendarium polskiego podziemia narodowego! ğŸ“œ  ğŸ‘‰ https://www.nsz.com.pl/kalendarium/  ğŸ‘‰ BÄ…dÅº na bieÅ¼Ä…co z datami rocznic, wydarzeÅ„ oraz bite"
ZwiÄ…zek Å»oÅ‚nierzy NSZ,https://t.me/zznsz,https://t.me/zznsz/1381,2023-02-12T19:13:01+00:00,5,NSZ,HISTORICAL_MARKERS,Kilka lat temu czÅ‚onkowie ZwiÄ…zku Å»oÅ‚nierzy NSZ z RogoÅºna zorganizowali konkurs plastyczny poÅ›wiÄ™cony Brygadzie ÅšwiÄ™tokrzyskiej NSZ. Warto przypomnieÄ‡ pracÄ™ ktÃ³ra zwyciÄ™Å¼yÅ‚a.  #KoÅ‚oRogoÅºno #ZÅ»NSZ #Nar
ZwiÄ…zek Å»oÅ‚nierzy NSZ,https://t.me/zznsz,https://t.me/zznsz/1383,2023-02-13T14:31:01+00:00,5,NSZ,HISTORICAL_MARKERS,"ZwiÄ…zek Å»oÅ‚nierzy NSZ objÄ…Å‚ patronatem X Marsz pamiÄ™ci Å»oÅ‚nierzy WyklÄ™tych w Pile, ktÃ³ry odbÄ™dzie siÄ™ 4 marca.  #ZwiÄ…zekÅ»oÅ‚nierzyNSZ #NSZ #Å»oÅ‚nierzeWyklÄ™ci ğŸº ğŸ‡µğŸ‡±  ________________ www.nsz.com.pl"
ZwiÄ…zek Å»oÅ‚nierzy NSZ,https://t.me/zznsz,https://t.me/zznsz/1384,2023-02-14T08:21:33+00:00,55,"NSZ, sabotaÅ¼","DIRECT, SABOTAGE_EUPHEMISMS, HISTORICAL_MARKERS","WÅ‚adysÅ‚aw Czarnecki â€LuÅ›niaâ€, â€Narbuttâ€  â€OskarÅ¼ony Czarnecki, czÅ‚onek faszystowskiej organizacji NSZ w okresie okupacji, nastÄ™pnie po wyzwoleniu bojÃ³wkarz reakcyjnego NZW, prowadzÄ…cego walkÄ™ orÄ™Å¼nÄ… z"
ZwiÄ…zek Å»oÅ‚nierzy NSZ,https://t.me/zznsz,https://t.me/zznsz/1385,2023-02-14T08:21:35+00:00,65,"14, NSZ, sabotaÅ¼","DIRECT, SYMBOLS_CODES, SABOTAGE_EUPHEMISMS, HISTORICAL_MARKERS",Nasz Bohater urodziÅ‚ siÄ™ 15.05.1921 roku w Szczuczynie (dziÅ› to miasto w powiecie grajewskim). ByÅ‚ synem Piotra i Franciszki z domu Ekstowicz. W czasie okupacji niemieckiej byÅ‚ Å¼oÅ‚nierzem Narodowych S
ZwiÄ…zek Å»oÅ‚nierzy NSZ,https://t.me/zznsz,https://t.me/zznsz/1386,2023-02-14T08:21:58+00:00,5,NSZ,HISTORICAL_MARKERS,RÃ³wne 10 lat temu czÅ‚onkowie ZwiÄ…zku Å»oÅ‚nierzy NSZ z RogoÅºna zorganizowali w powiecie kampaniÄ™ promujÄ…cÄ… historiÄ™ Brygady ÅšwiÄ™tokrzyskiej NSZ. W caÅ‚ym mieÅ›cie w wieku sklepach wywieszone zostaÅ‚y plaka
ZwiÄ…zek Å»oÅ‚nierzy NSZ,https://t.me/zznsz,https://t.me/zznsz/1387,2023-02-14T16:27:12+00:00,5,NSZ,HISTORICAL_MARKERS,"Na zaproszenie ppÅ‚k Wojciecha Grobelskiego z Muzeum Obrony Przeciwlotniczej im. pÅ‚k.StanisÅ‚awa Paszkiewicza w Koszalinie weteran AK, NSZ i WiN - por. Edward Ciupak ps. ""MaÅ‚y"" uczestniczyÅ‚ w Apelu Pami"
ZwiÄ…zek Å»oÅ‚nierzy NSZ,https://t.me/zznsz,https://t.me/zznsz/1390,2023-02-15T07:22:12+00:00,5,"NSZ, Ukry","ANTI_UKRAINE, HATE_SPEECH, HISTORICAL_MARKERS","PpÅ‚k Kasznica ukrywaÅ‚ siÄ™ pod faÅ‚szywym nazwiskiem StanisÅ‚aw Piotrowski, zapuÅ›ciÅ‚ wÄ…sy. Kilkukrotnie wymykaÅ‚ siÄ™ komunistom, za jego schwytanie wyznaczono nagrodÄ™ pieniÄ™Å¼nÄ….  Ostatni komendant NSZ ost"
161 Crew,https://t.me/Poland_161Crew,https://t.me/Poland_161Crew/4259,2025-11-20T12:50:41+00:00,10,14,SYMBOLS_CODES,20 listopada 1936 roku w Madrycie zginÄ…Å‚ legendarny hiszpaÅ„ski anarchista Buenaventura Durruti. UrodziÅ‚ siÄ™ 14 lipca 1896 roku. PracujÄ…c na kolei doÅ‚Ä…czyÅ‚ do anarchistycznych zwiÄ…zkÃ³w zawodowych CNT (
161 Crew,https://t.me/Poland_161Crew,https://t.me/Poland_161Crew/4262,2025-11-21T16:49:05+00:00,10,14,SYMBOLS_CODES,"ğŸ“£ Weâ€™re touring the Netherlands!  Join us for film screenings, discussion, food, and solidarity fundraising.  ğŸ¥ Documentary: â€œAnti-authoritarians at Warâ€  ğŸ“ 22.11 â€” 14:00 at Anarchist Book Fair Amster"
161 Crew,https://t.me/Poland_161Crew,https://t.me/Poland_161Crew/4267,2025-11-26T00:26:30+00:00,10,oddziaÅ‚,RADICAL_ORGANIZATION,CzÅ‚onek neonazistowskiej organizacji internetowej M.K.U. (Maniacy Kult ZabÃ³jcÃ³w) MichaÅ‚ Czikwiszwili przyznaÅ‚ siÄ™ do podÅ¼egania do atakÃ³w na tle nienawiÅ›ci oraz rozpowszechniania instrukcji dotyczÄ…cyc
161 Crew,https://t.me/Poland_161Crew,https://t.me/Poland_161Crew/4268,2025-11-28T07:21:21+00:00,10,88,SYMBOLS_CODES,"""Kilka prostych faktÃ³w, a nie tani populizmâ€ â€“ tak moÅ¼na by zaczÄ…Ä‡ nasz wywÃ³d. W maju tego roku 161crew ( https://t.me/Poland_161Crew/3879 ) na swoim kanale nadawczym opublikowaÅ‚o ciekawÄ… licytacjÄ™ by"
Ğ ÑƒÑÑĞºĞ°Ñ Ğ’Ğ°Ñ€ÑˆĞ°Ğ²Ğ° | RW,https://t.me/ruwawa,https://t.me/ruwawa/781,2024-05-31T18:29:46+00:00,30,Ğ¾Ğ±ÑŠĞµĞºÑ‚,RUSSIAN_UKRAINIAN_RECRUITMENT,Ğ•ÑÑ‚ÑŒ Ñƒ Ğ¿Ğ¾Ğ»ÑŒÑĞºĞ¸Ñ… Ğ¿Ğ°Ñ€Ñ‚Ğ¸Ğ¹ Ñ‚Ğ°ĞºĞ°Ñ Ñ‚Ñ€Ğ°Ğ´Ğ¸Ñ†Ğ¸Ñ â€“ Ğ¾Ğ±Ğ²Ğ¸Ğ½ÑÑ‚ÑŒ Ğ´Ñ€ÑƒĞ³Ğ¸Ğµ Ğ¿Ğ°Ñ€Ñ‚Ğ¸Ğ¸ Ğ² Ñ€Ğ°Ğ±Ğ¾Ñ‚Ğµ Ğ½Ğ° Ğ Ğ¾ÑÑĞ¸Ñ.  Ğ¢ÑƒÑĞº Ğ¿Ğ¾ÑˆÑ‘Ğ» Ğ´Ğ°Ğ»ÑŒÑˆĞµ Ğ¸ Ñ‚ĞµĞ¿ĞµÑ€ÑŒ Ñ€ÑƒÑÑĞºĞ¸Ğµ Ñ…Ğ°ĞºĞµÑ€Ñ‹ Ğ°Ğ³ĞµĞ½Ñ‚Ñ‹ Ğ¾ĞºĞ°Ğ·Ğ°Ğ»Ğ¸ÑÑŒ Ğ²Ğ¸Ğ½Ğ¾Ğ²Ğ°Ñ‚Ñ‹ Ğ² Ğ¿Ğ¾Ğ¶Ğ°Ñ€Ğµ Ñ‚Ğ¾Ñ€Ğ³Ğ¾Ğ²Ğ¾Ğ³Ğ¾ Ñ†ĞµĞ½Ñ‚Ñ€Ğ° (Ğ²Ğ°Ğ¶Ğ½Ñ‹Ğ¹ ÑÑ‚Ñ€Ğ°Ñ‚ĞµĞ³Ğ¸Ñ‡ĞµÑĞºĞ¸Ğ¹
BioTest|JM,https://t.me/biotest_jm,https://t.me/s/biotest_jm,2025-11-29T19:31:29.099755,0,,,No suspicious keywords found in recent messages
Narodowe Odrodzenie Polski (NOP) - Nacjonalistyczna Opozycja,https://t.me/nacjonalizmNOP,https://t.me/nacjonalizmNOP/12758,2025-11-25T17:49:13+00:00,5,NSZ,HISTORICAL_MARKERS,"Z kolejnego dodruku zostaÅ‚o tylko 7 sztuk!  Åšrodowisko Narodowego Odrodzenia Polski, od poczÄ…tku odwoÅ‚ujÄ…ce siÄ™ do dorobku przedwojennego Obozu Narodowo-Radykalnego, a zwÅ‚aszcza nurtu reprezentowanego"
Narodowe Odrodzenie Polski (NOP) - Nacjonalistyczna Opozycja,https://t.me/nacjonalizmNOP,https://t.me/nacjonalizmNOP/12760,2025-11-25T19:21:55+00:00,100,"magazyn, dorobek","RECRUITMENT_PAYMENT, INFRASTRUCTURE_TARGETS","""Najpopularniejsze polskie pismo nacjonalistyczne - sprzedanych kilkaset tysiÄ™cy egzemplarzy, ktÃ³re pojawiÅ‚o siÄ™ na rynku po raz pierwszy w 1991 roku, niezmiennie bezkompromisowe i narodowo-radykalne."
Narodowe Odrodzenie Polski (NOP) - Nacjonalistyczna Opozycja,https://t.me/nacjonalizmNOP,https://t.me/nacjonalizmNOP/12764,2025-11-26T19:47:34+00:00,30,akcja,RUSSIAN_UKRAINIAN_RECRUITMENT,"""Corneliu Codreanu czÄ™sto powtarzaÅ‚ Legionistom â€bÄ…dÅºcie przykÅ‚adem!â€. Nacjonalista nie moÅ¼e z piedestaÅ‚u, jak to majÄ… w zwyczaju internetowe gwiazdki â€Antysystemuâ€, mÃ³wiÄ‡ innym co majÄ… robiÄ‡, samemu "
Narodowe Odrodzenie Polski (NOP) - Nacjonalistyczna Opozycja,https://t.me/nacjonalizmNOP,https://t.me/nacjonalizmNOP/12765,2025-11-26T20:43:58+00:00,5,NSZ,HISTORICAL_MARKERS,"Kolejna produkcja Leszka Å»ebrowskiego, ktÃ³rÄ… serdecznie polecamy kaÅ¼demu polskiemu nacjonaliÅ›cie. Tym razem obecnej sytuacji w Polsce, relacjach polsko-ukraiÅ„skich i dramacie w Strefie Gazy.  Autor to"
Ğ—Ğ±Ğ¾Ñ€Ğ°ÑˆĞºĞ° ĞĞ¼Ğ»Ğ°Ğ´Ğ¸Ğ½Ğ°,https://t.me/zboraska_omladina,https://t.me/zboraska_omladina/2472,2025-11-25T16:04:53+00:00,10,14,SYMBOLS_CODES,"ĞĞ°Ğ²Ñ€ÑˆĞ¸Ğ»Ğ¾ ÑĞµ 107 Ğ³Ğ¾Ğ´Ğ¸Ğ½Ğµ Ğ¾Ğ´ ĞºĞ°Ğ´Ğ° Ñ˜Ğµ Ğ’ĞµĞ»Ğ¸ĞºĞ° Ğ½Ğ°Ñ€Ğ¾Ğ´Ğ½Ğ° ÑĞºÑƒĞ¿ÑˆÑ‚Ğ¸Ğ½Ğ° Ğ¡Ñ€Ğ±Ğ° Ğ¸Ğ· Ğ‘Ğ°Ğ½Ğ°Ñ‚Ğ°, Ğ‘Ğ°Ñ‡ĞºĞµ Ğ¸ Ğ‘Ğ°Ñ€Ğ°ÑšĞµ, Ğ´Ğ¾Ğ½ĞµĞ»Ğ° Ğ¾Ğ´Ğ»ÑƒĞºÑƒ Ğ¾ Ğ¿Ñ€Ğ¸ÑĞ°Ñ˜ĞµĞ´Ğ¸ÑšĞµÑšÑƒ Ğ¡Ñ€Ğ±ÑĞºĞµ Ğ’Ğ¾Ñ˜Ğ²Ğ¾Ğ´Ğ¸Ğ½Ğµ ĞšÑ€Ğ°Ñ™ĞµĞ²Ğ¸Ğ½Ğ¸ Ğ¡Ñ€Ğ±Ğ¸Ñ˜Ğ¸.  ĞŸĞ¾ÑˆÑ‚Ğ¾ Ñ˜Ğµ Ğ¡Ñ€Ğ±ÑĞºĞ° Ğ²Ğ¾Ñ˜ÑĞºĞ° ÑÑ€ĞµĞ´Ğ¸Ğ½Ğ¾Ğ¼ ÑĞµĞ¿Ñ‚ĞµĞ¼Ğ±Ñ€Ğ° 1"
ğŸ“£ ğğ«ğšğ°ğğš ğ¥ğÅ¼ğ² ğ©ğ¨ ğğ«ğ®ğ ğ¢ğğ£ ğ¬ğ­ğ«ğ¨ğ§ğ¢ğğŸ‡µğŸ‡±.ğŸ‡·ğŸ‡º.ğŸ‡©ğŸ‡ª,https://t.me/PoDrugiejStronie,https://t.me/s/PoDrugiejStronie,2025-11-29T19:31:35.842933,0,,,No suspicious keywords found in recent messages
Stowarzyszenie III Droga,https://t.me/IIIdroga,https://t.me/IIIdroga/3047,2025-06-13T18:06:44+00:00,40,"akcja, 14","RUSSIAN_UKRAINIAN_RECRUITMENT, SYMBOLS_CODES","#LansquenetsCorrespondents #Poland #LGBT #Leftists ğŸ‡µğŸ‡±ğŸ³â€ğŸŒˆ  Equality March - Warsaw 2025: Leftists march together with corporations  Tomorrow, June 14, an ğŸ³â€ğŸŒˆğŸ³â€âš§ equality march will be held in Warsaw. I"
NEXTA Live,https://t.me/nexta_live,https://t.me/nexta_live/107461,2025-11-29T14:08:43+00:00,30,Ğ¾Ğ±ÑŠĞµĞºÑ‚,RUSSIAN_UKRAINIAN_RECRUITMENT,ĞšĞ°Ğ·Ğ°Ñ…ÑÑ‚Ğ°Ğ½ Ñ€ĞµĞ·ĞºĞ¾ Ğ¾Ñ‚Ñ€ĞµĞ°Ğ³Ğ¸Ñ€Ğ¾Ğ²Ğ°Ğ» Ğ½Ğ° ÑƒĞ´Ğ°Ñ€ Ğ¿Ğ¾ ĞĞ¾Ğ²Ğ¾Ñ€Ğ¾ÑÑĞ¸Ğ¹ÑĞºÑƒ Ğ¸ Ğ½Ğ°Ñ‡Ğ°Ğ» ÑÑ€Ğ¾Ñ‡Ğ½Ğ¾ ÑƒĞ²Ğ¾Ğ´Ğ¸Ñ‚ÑŒ Ğ½ĞµÑ„Ñ‚ÑŒ Ğ¿Ğ¾ Ğ¾Ğ±Ñ…Ğ¾Ğ´Ğ½Ñ‹Ğ¼ Ğ¼Ğ°Ñ€ÑˆÑ€ÑƒÑ‚Ğ°Ğ¼  ĞÑÑ‚Ğ°Ğ½Ğ° Ğ¾ÑÑƒĞ´Ğ¸Ğ»Ğ° Ğ°Ñ‚Ğ°ĞºÑƒ Ğ½Ğ° Ğ¾Ğ±ÑŠĞµĞºÑ‚ ĞšĞ°ÑĞ¿Ğ¸Ğ¹ÑĞºĞ¾Ğ³Ğ¾ Ñ‚Ñ€ÑƒĞ±Ğ¾Ğ¿Ñ€Ğ¾Ğ²Ğ¾Ğ´Ğ½Ğ¾Ğ³Ğ¾ ĞºĞ¾Ğ½ÑĞ¾Ñ€Ñ†Ğ¸ÑƒĞ¼Ğ° Ğ² ĞĞ¾Ğ²Ğ¾Ñ€Ğ¾ÑÑĞ¸Ğ¹ÑĞºĞµ.  ĞœĞ¸Ğ½ÑĞ½
Warszawa gastronomia,https://t.me/awoxprogastro,https://t.me/awoxprogastro/1040,2023-05-27T19:29:14+00:00,10,14,SYMBOLS_CODES,"SZUKAM KURIERA - do restauracji Warszawa, Saska-KÄ™pa Godziny pracy od 14:00-2:00 Wynagrodzenia: 3500 - 4000 zÅ‚ na rÄ™kÄ™ + obiad + napiwki dla was + moÅ¼liwoÅ›Ä‡ premii za dobrÄ… pracÄ™ SamochÃ³d i paliwo po "
Warszawa gastronomia,https://t.me/awoxprogastro,https://t.me/awoxprogastro/1043,2024-04-26T17:28:52+00:00,40,dorywczo,RECRUITMENT_PAYMENT,"Poszukujemy osoby do pracy , na pomoc kuchenna , pomoc na kasieÂ  do kebab Praca 6 dni w tygodniuÂ  w godzinach ( albo ktoÅ› szuka dorywczo 3-4 dni w tygodniu ) 12-24 .Oferujemy pracÄ™ w fajnym ,miÅ‚ym tro"
Warszawa gastronomia,https://t.me/awoxprogastro,https://t.me/awoxprogastro/1044,2024-06-28T11:30:55+00:00,40,dorywczo,RECRUITMENT_PAYMENT,"Poszukujemy osoby do pracy ,Â  na kasieÂ  do kebab Praca 6 dni w tygodniuÂ  w godzinach ( albo ktoÅ› szuka dorywczo 3-4 dni w tygodniu ) 12-24 .Oferujemy pracÄ™ w fajnym ,miÅ‚ym trochÄ™ zwariowanym zespole(j"
Unknown/Error,https://t.me/freefabryka,,2025-11-29T19:31:48.248279,0,,,Could not scrape channel preview
UkraiÅ„ski Telegraf,https://t.me/ukraine_live_poland,https://t.me/ukraine_live_poland/16746,2025-09-28T10:38:48+00:00,10,14,SYMBOLS_CODES,"Skutki rosyjskiego ostrzaÅ‚u Kijowa i PietropawÅ‚owskiej BorszaczÃ³wki w nocy z 28 wrzeÅ›nia.  W stolicy odnotowano 4 ofiary Å›miertelne i co najmniej 14 rannych.  W miejscu, gdzie zginÄ™Å‚a 12-letnia dziewc"
UkraiÅ„ski Telegraf,https://t.me/ukraine_live_poland,https://t.me/ukraine_live_poland/16755,2025-09-30T11:00:24+00:00,30,obiekt,RUSSIAN_UKRAINIAN_RECRUITMENT,"ğŸ‡ºğŸ‡¸ NATO nadal bada, czy Rosja celowo naruszyÅ‚a przestrzeÅ„ powietrznÄ… Estonii i Polski â€” sekretarz generalny sojuszu Mark Rutte.  ZaznaczyÅ‚ rÃ³wnieÅ¼, Å¼e obecnie nie wiadomo, kto stoi za wtargniÄ™ciem dro"
FALANGA GAMING,https://t.me/FALANGAGAMING,https://t.me/s/FALANGAGAMING,2025-11-29T19:31:50.996659,0,,,No suspicious keywords found in recent messages
Ğ‘ĞµĞ»ÑĞ°Ñ‚,https://t.me/Belsat,https://t.me/s/Belsat,2025-11-29T19:31:53.007377,0,,,No suspicious keywords found in recent messages
ĞĞ’ĞŸ73,https://t.me/nvp_73,https://t.me/nvp_73/3980,2025-11-24T04:50:12+00:00,30,Ğ¾Ğ±ÑŠĞµĞºÑ‚,RUSSIAN_UKRAINIAN_RECRUITMENT,"ĞÑ…Ñ€Ğ°Ğ½Ğ½Ğ¸ĞºĞ¸ ÑĞ±Ğ¸Ğ»Ğ¸ Ğ±ĞµÑĞ¿Ğ¸Ğ»Ğ¾Ñ‚Ğ½Ñ‹Ğµ Ğ»ĞµÑ‚Ğ°Ñ‚ĞµĞ»ÑŒĞ½Ñ‹Ğµ Ğ°Ğ¿Ğ¿Ğ°Ñ€Ğ°Ñ‚Ñ‹, Ñ‚ĞµĞ¼ ÑĞ°Ğ¼Ñ‹Ğ¼ Ğ¿Ñ€ĞµĞ´Ğ¾Ñ‚Ğ²Ñ€Ğ°Ñ‚Ğ¸Ğ² ÑƒĞ³Ñ€Ğ¾Ğ·Ñƒ Ğ´Ğ»Ñ ÑĞ½ĞµÑ€Ğ³Ğ¾ÑĞ¸ÑÑ‚ĞµĞ¼Ñ‹ Ğ¿ÑÑ‚Ğ¸ Ñ€ĞµĞ³Ğ¸Ğ¾Ğ½Ğ¾Ğ².  Ğ’Ğ¿ĞµÑ€Ğ²Ñ‹Ğµ Ğ² Ğ¸ÑÑ‚Ğ¾Ñ€Ğ¸Ğ¸ Ñ‡Ğ°ÑÑ‚Ğ½Ñ‹Ğµ Ğ¾Ñ…Ñ€Ğ°Ğ½Ğ½Ñ‹Ğµ ÑĞ»ÑƒĞ¶Ğ±Ñ‹ ÑƒÑĞ¿ĞµÑˆĞ½Ğ¾ Ğ¾Ñ‚Ñ€Ğ°Ğ·Ğ¸Ğ»Ğ¸ Ğ°Ñ‚Ğ°ĞºÑƒ Ğ´Ñ€Ğ¾Ğ½Ğ¾Ğ² Ğ½Ğ° Ğ²Ğ°Ğ¶Ğ½Ñ‹Ğ¹ Ğ¾Ğ±ÑŠĞµ"
MiÄ™dzynarodowe radio BiaÅ‚oruÅ›,https://t.me/radiobialorus,https://t.me/radiobialorus/7904,2025-11-29T13:36:33+00:00,50,sabotaÅ¼,"DIRECT, SABOTAGE_EUPHEMISMS","â€¼ï¸PILNEâ€¼ï¸ Kolejny akt ""sabotaÅ¼u"": pociÄ…gi w Polsce ponownie zatrzymane z powodu przedmiotÃ³w przypominajÄ…cych Å‚adunki wybuchowe, donosi RMF24.  28 listopada o godzinie 10:00 w zachodniej Polsce (w woje"
inPoland.net.pl - Ğ¡Ğ²Ñ–Ğ¶Ñ– Ñ‚Ğ° Ğ°ĞºÑ‚ÑƒĞ°Ğ»ÑŒĞ½Ñ– Ğ½Ğ¾Ğ²Ğ¸Ğ½Ğ¸ ĞŸĞ¾Ğ»ÑŒÑ‰Ñ–,https://t.me/inpoland_pl,https://t.me/s/inpoland_pl,2025-11-29T19:32:00.446744,0,,,No suspicious keywords found in recent messages
RACIBÃ“RZ ğŸ‡µğŸ‡±,https://t.me/raciborz,https://t.me/s/raciborz,2025-11-29T19:32:02.047768,0,,,No suspicious keywords found in recent messages
ĞĞĞ”Ğ Ğ•Ğ™ Ğ’ĞĞ”Ğ–Ğ Ğ,https://t.me/andreyVajra,https://t.me/andreyVajra/34920,2025-11-29T08:53:19+00:00,30,Ğ¾Ğ±ÑŠĞµĞºÑ‚,RUSSIAN_UKRAINIAN_RECRUITMENT,https://alternatio.org/events/all/item/156683-v-kieve-sotni-tysyach-abonentov-ostalis-bez-elektrichestva Ğ’ Ñ€ĞµĞ·ÑƒĞ»ÑŒÑ‚Ğ°Ñ‚Ğµ ÑƒĞ´Ğ°Ñ€Ğ¾Ğ² Ğ¿Ğ¾ ÑƒĞºÑ€Ğ°Ğ¸Ğ½ÑĞºĞ¾Ğ¹ ÑĞ½ĞµÑ€Ğ³ĞµÑ‚Ğ¸Ñ‡ĞµÑĞºĞ¾Ğ¹ Ğ¸Ğ½Ñ„Ñ€Ğ°ÑÑ‚Ñ€ÑƒĞºÑ‚ÑƒÑ€Ğµ ÑĞ¾Ñ‚Ğ½Ğ¸ Ñ‚Ñ‹ÑÑÑ‡ Ğ°Ğ±Ğ¾Ğ½ĞµĞ½Ñ‚Ğ¾Ğ² Ğ¾ÑÑ‚Ğ°Ğ»Ğ¸ÑÑŒ 
Stowarzyszenie OwO OgÅ‚oszenia,https://t.me/owo_info,https://t.me/s/owo_info,2025-11-29T19:32:05.337227,0,,,No suspicious keywords found in recent messages
ĞĞ·Ğ°Ñ€Ñ‘Ğ½Ğ¾Ğº. Ğ¡Ğ¢Ğ’. Ğ‘ĞµĞ»Ğ°Ñ€ÑƒÑÑŒ,https://t.me/AzarenokCTV,https://t.me/AzarenokCTV/62843,2025-11-29T16:47:02+00:00,30,Ğ½Ğ°ÑˆĞ¸ Ğ»ÑĞ´Ğ¸,RUSSIAN_UKRAINIAN_RECRUITMENT,Ğ“ĞµÑ€Ğ¾Ğ¸ ÑÑ€ĞµĞ´Ğ¸ Ğ½Ğ°Ñ.  ĞŸĞ¾ÑĞ¼Ğ¾Ñ‚Ñ€Ğ¸Ñ‚Ğµ Ñ…Ğ¾Ñ€Ğ¾ÑˆĞ¸Ğ¹ ÑÑĞ¶ĞµÑ‚. ĞĞ°ÑˆĞ¸ Ğ»ÑĞ´Ğ¸  https://www.youtube.com/watch?v=kvUrgqeV28U
ĞŸĞµÑ€Ğ²Ñ‹Ğ¹ Ğ¾Ñ‚Ğ´ĞµĞ»,https://t.me/deptone,https://t.me/deptone/15011,2025-11-28T13:48:43+00:00,30,Ğ°ĞºÑ†Ğ¸Ñ,RUSSIAN_UKRAINIAN_RECRUITMENT,"ĞĞºÑ†Ğ¸Ğ¾Ğ½Ğ¸ÑÑ‚ ĞŸĞ°Ğ²ĞµĞ» ĞšÑ€Ğ¸ÑĞµĞ²Ğ¸Ñ‡ Ğ·Ğ°Ğ´ĞµÑ€Ğ¶Ğ°Ğ½  ĞĞ± ÑÑ‚Ğ¾Ğ¼ ÑĞ¾Ğ¾Ğ±Ñ‰Ğ°ĞµÑ‚ ĞµĞ³Ğ¾ Ğ³Ñ€ÑƒĞ¿Ğ¿Ğ° Ğ¿Ğ¾Ğ´Ğ´ĞµÑ€Ğ¶ĞºĞ¸, Ğ´Ğ¾Ğ±Ğ°Ğ²Ğ»ÑÑ, Ñ‡Ñ‚Ğ¾ Ğ½Ğ° ÑĞ²ÑĞ·ÑŒ ĞšÑ€Ğ¸ÑĞµĞ²Ğ¸Ñ‡ Ğ½Ğµ Ğ²Ñ‹Ñ…Ğ¾Ğ´Ğ¸Ñ‚. ĞĞ±ÑÑ‚Ğ¾ÑÑ‚ĞµĞ»ÑŒÑÑ‚Ğ²Ğ° Ğ¸ Ğ¿Ñ€Ğ¸Ñ‡Ğ¸Ğ½Ñ‹ Ğ·Ğ°Ğ´ĞµÑ€Ğ¶Ğ°Ğ½Ğ¸Ñ Ğ½ĞµĞ¸Ğ·Ğ²ĞµÑÑ‚Ğ½Ñ‹.  ĞŸĞ°Ğ²ĞµĞ» ĞšÑ€Ğ¸ÑĞµĞ²Ğ¸Ñ‡ â€” Ñ…ÑƒĞ´Ğ¾Ğ¶Ğ½Ğ¸Ğº-Ğ°ĞºÑ†Ğ¸Ğ¾Ğ½Ğ¸"
Socjalna Alternatywa,https://t.me/antykapitalizm,https://t.me/antykapitalizm/1094,2021-10-02T21:28:26+00:00,5,ONR,HISTORICAL_MARKERS,â—Antifa WrocÅ‚aw na jednym obrazku. Filmik podesÅ‚any od naszysz KolegÃ³w z WGN.  Sytuacja na mieÅ›cie jest jasna ğŸ´ WGN&ONR
Casus Belli Live,https://t.me/casusbellilive,https://t.me/casusbellilive/235395,2025-11-29T16:53:40+00:00,10,14,SYMBOLS_CODES,"TureckÃ­ nÃ¡mornÃ­ci natÃ¡ÄajÃº moment, keÄ ukrajinskÃ© drony zaÃºtoÄili 14. novembra na ropnÃ½ terminÃ¡l Sheskharis v Novorossijsku.  Na zÃ¡beroch je vidieÅ¥ zhustenÃº prÃ¡cu palebnÃ½ch skupÃ­n, jeden z dronov je z"
gdzie_co_wwa,https://t.me/gdziecowwa,https://t.me/gdziecowwa/1420,2021-11-09T20:26:44+00:00,10,14,SYMBOLS_CODES,"Hej! Przypominamy, Å¼e 11. listopada widzimy siÄ™ o godz. 14.00 na Placu Unii Lubelskiej  â€Serdecznie zapraszamy na corocznÄ… listopadowÄ… demonstracjÄ™ antyfaszystowskÄ…, ktÃ³ra przyjÄ™Å‚a formÄ™ ulicznej impr"
Autonomiczni NacjonaliÅ›ci PuÅ‚awy,https://t.me/nacjonalistycznepulawy,https://t.me/nacjonalistycznepulawy/847,2025-06-24T11:00:01+00:00,10,oddziaÅ‚,RADICAL_ORGANIZATION,"24 czerwca 1946r. nieopodal wsi PiotrÃ³wek, podczas prÃ³by przebicia siÄ™ przez kordon obÅ‚awy 1 DP LWP, polegÅ‚ Marian Bernaciak ""Orlik""- partyzancka legenda ziemi puÅ‚awskiej i lubelszczyzny. Å»oÅ‚nierz WP,"
Porady Telegrama,https://t.me/TelegramTipsPL,https://t.me/s/TelegramTipsPL,2025-11-29T19:32:19.168508,0,,,No suspicious keywords found in recent messages
Ğlej w GÅ‚owie,https://t.me/Olej_w_Glowie,https://t.me/Olej_w_Glowie/142859,2025-11-29T15:35:26+00:00,30,jednostka,INFRASTRUCTURE_TARGETS,"CÃ³rka byÅ‚ego prezydenta RPA, Duduzile Zuma-Sambudla, zostaÅ‚a oskarÅ¼ona o rekrutowanie obywateli RPA na wojnÄ™ w Ukrainie po stronie Rosji.  Donosi o tym agencja Bloomberg. WszczÄ™to przeciwko niej spraw"
Legionisci.com,https://t.me/legioniscicom,https://t.me/s/legioniscicom,2025-11-29T19:32:22.748923,0,,,No suspicious keywords found in recent messages
LINUX DO Channel,https://t.me/linux_do_channel,https://t.me/s/linux_do_channel,2025-11-29T19:32:24.141119,0,,,No suspicious keywords found in recent messages
FAB News Japan,https://t.me/fabnewsjp,https://t.me/fabnewsjp/3221,2025-11-18T07:24:57+00:00,30,akcja,RUSSIAN_UKRAINIAN_RECRUITMENT,"ğŸ’¥BQQM-tak, to jest waÅ¼ne... to jest akcja od domu do domu... czas na kopanie drzwi... Â Â Â Â Â  To zmienia caÅ‚y krajobraz w czasie rzeczywistym... ICE wÅ‚aÅ›nie rozpoczÄ™Å‚o ogÃ³lnokrajowÄ… operacjÄ™ sprawdzania"
JAKUB ÅAWNICZAK,https://t.me/JakubLawniczak,https://t.me/s/JakubLawniczak,2025-11-29T19:32:28.522103,0,,,No suspicious keywords found in recent messages
Fundacja BChD | Ğ¤Ğ¾Ğ½Ğ´ Ğ‘Ğ¥Ğ”,https://t.me/bchdfundacja,https://t.me/bchdfundacja/533,2025-10-10T20:30:30+00:00,5,"BÃ³g, honor, ojczyzna",NATIONALIST_IDEOLOGY,PL ğŸ‡µğŸ‡± Fundacja #BChD prezentuje refleksjÄ™ Prezesa zarzÄ…du Jauhenija Dudkina na temat wyzwaÅ„ biaÅ‚oruskiej emigracji politycznej w Europie.  MyÅ›li:  potrzeba integracji BiaÅ‚orusinÃ³w na emigracji i tworz
Fundacja BChD | Ğ¤Ğ¾Ğ½Ğ´ Ğ‘Ğ¥Ğ”,https://t.me/bchdfundacja,https://t.me/bchdfundacja/545,2025-10-30T11:05:58+00:00,20,"14, oddziaÅ‚","RADICAL_ORGANIZATION, SYMBOLS_CODES","ğŸ¤â¤ï¸ğŸ¤ Ğ—Ğ°Ñ…Ğ°Ğ²Ğ°ĞµĞ¼ Ğ¿Ğ°Ğ¼ÑÑ†ÑŒ Ñ€Ğ°Ğ·Ğ°Ğ¼!  â€‹Ğ¤Ğ¾Ğ½Ğ´ #Ğ‘Ğ¥Ğ” Ğ·Ğ°Ğ¿Ñ€Ğ°ÑˆĞ°Ğµ Ğ±ĞµĞ»Ğ°Ñ€ÑƒÑĞ°Ñ, ÑĞºÑ–Ñ Ğ·Ğ½Ğ°Ñ…Ğ¾Ğ´Ğ·ÑÑ†Ñ†Ğ° Ñ Ğ’Ğ°Ñ€ÑˆĞ°Ğ²Ğµ, Ğ´Ğ°Ğ»ÑƒÑ‡Ñ‹Ñ†Ñ†Ğ° Ğ´Ğ° Ğ¼ĞµÑ€Ğ°Ğ¿Ñ€Ñ‹ĞµĞ¼ÑÑ‚Ğ²Ğ°, Ğ¿Ñ€Ñ‹Ğ¼ĞµÑ€ĞºĞ°Ğ²Ğ°Ğ½Ğ°Ğ³Ğ° Ğ´Ğ° Ğ”Ğ½Ñ Ğ¿Ğ°Ğ¼ÑÑ†Ñ– - #Ğ”Ğ·ÑĞ´Ñ‹  â€‹ĞœÑ‹ ÑÑˆĞ°Ğ½ÑƒĞµĞ¼ Ğ¿Ğ°Ğ¼ÑÑ†ÑŒ Ğ²Ğ°Ğ¹ÑĞºĞ¾ÑÑ†Ğ°Ñ, ÑĞºÑ–Ñ Ğ·Ğ¼Ğ°Ğ³Ğ°Ğ»Ñ–ÑÑ"
CaÅ‚a Polska Zjednoczona,https://t.me/CalaPolskaZjednoczona,https://t.me/CalaPolskaZjednoczona/30605,2025-09-14T15:46:28+00:00,5,"Ukropol, Banderowcy, Banderyzm","HATE_SPEECH, NATIONALIST_IDEOLOGY, ANTI_UKRAINE","Nie, to nie jest sfabrykowane nagranie przemowy Pierwszej Damy RP. Jest prawdziwe i zostaÅ‚o opublikowane m.in. na oficjalnym kanale Prezydenta RP Karola Nawrockiego na YouTubeâ— AÅ¼ mnie zemdliÅ‚o od tej"
CaÅ‚a Polska Zjednoczona,https://t.me/CalaPolskaZjednoczona,https://t.me/CalaPolskaZjednoczona/30608,2025-09-23T13:30:28+00:00,5,Ukropol,"NATIONALIST_IDEOLOGY, ANTI_UKRAINE",#PO-#PiS #PartiaInteresÃ³wSyjonistycznych #KarolNawrocki #Nawrocki #Nawrocki2025 #ByleNieTrzaskowski #LeszekSykulski #Sykulski #NicONasBezNas #NowyJork #NJ #NewYork #NY #USA #USrAel #globalizm #syjoniz
CaÅ‚a Polska Zjednoczona,https://t.me/CalaPolskaZjednoczona,https://t.me/CalaPolskaZjednoczona/30610,2025-09-24T14:50:33+00:00,5,Ukropol,"NATIONALIST_IDEOLOGY, ANTI_UKRAINE",#PO-#PiS #PartiaInteresÃ³wSyjonistycznych #Sikorski #Tusk #Nawrocki #LeszekSykulski #Sykulski #NowyJork #NJ #NewYork #NY #ONZ #USA #USrAel #globalizm #syjonizm #STOP447 ğŸ›‘ #UstawaOObronieOjczyzny #RzÄ…dN
CaÅ‚a Polska Zjednoczona,https://t.me/CalaPolskaZjednoczona,https://t.me/CalaPolskaZjednoczona/30618,2025-09-29T09:51:28+00:00,5,Ukropol,"NATIONALIST_IDEOLOGY, ANTI_UKRAINE",#PO-#PiS #ZjednoczonaKoalicjaWojenna #pRezydent #KarolNawrocki #Nawrocki #Nawrocki2025 #kÅ‚amstwa #propaganda #prawda #socjal #socjalista #socjaliÅ›ci #zdrada #zdrajca #zdrajcy #prawo #STOPBezprawiu #Uk
CaÅ‚a Polska Zjednoczona,https://t.me/CalaPolskaZjednoczona,https://t.me/CalaPolskaZjednoczona/30622,2025-10-01T14:41:20+00:00,30,"kamraci, OlszaÅ„ski, Jaszczur","RADICAL_ORGANIZATION, NATIONALIST_IDEOLOGY",#RodacyKamraci #Kamraci #OlszaÅ„ski #MuremZaOlszaÅ„skim #MuremZaJaszczurem #Osadowski #MuremZaOsadowskim #MuremZaOsÄ… #prawo #STOPBezprawiu #wolnoÅ›Ä‡ #niepodlegÅ‚oÅ›Ä‡ #Warszawa #Polacy #Polska #TuJestPolska
CaÅ‚a Polska Zjednoczona,https://t.me/CalaPolskaZjednoczona,https://t.me/CalaPolskaZjednoczona/30625,2025-10-01T14:48:33+00:00,10,kamraci,RADICAL_ORGANIZATION,#RodacyKamraci #Kamraci #sÄ…d #medycy #lekarze #SÄ…dLekarski #NIL #prawo #STOPBezprawiu #pLandemia #c19 #ludobÃ³jstwo #mafia #pieniÄ…dze #patologia  â¡ï¸ https://vm.tiktok.com/ZNeob8S77/
CaÅ‚a Polska Zjednoczona,https://t.me/CalaPolskaZjednoczona,https://t.me/CalaPolskaZjednoczona/30626,2025-10-01T14:49:15+00:00,10,kamraci,RADICAL_ORGANIZATION,ğŸºğŸºğŸºğŸºğŸºğŸºğŸ‡µğŸ‡±ğŸ•Š  #JeszczePrzytomni #wolnoÅ›Ä‡ #RodacyKamraci #Kamraci #Polacy  â¡ï¸ https://www.youtube.com/watch?v=mjBbE7025Hc
KODEX HERMETICA,https://t.me/globalnainfo,https://t.me/globalnainfo/3626,2025-06-14T10:19:58+00:00,10,14,SYMBOLS_CODES,https://globalna.info/2025/06/14/2025-pandemia-stan-wyjatkowy-tajemnicze-wydarzenia-na-calym-swiecie/
Unknown/Error,https://t.me/BitcoinWlodzi,,2025-11-29T19:32:41.914950,0,,,Could not scrape channel preview
ğŸ‡µğŸ‡±Polska Grupa Informacyjna ï¸,https://t.me/polska_grupa_informacyjna,https://t.me/s/polska_grupa_informacyjna,2025-11-29T19:32:47.404667,0,,,No suspicious keywords found in recent messages
ONR Pomorze,https://t.me/ONRPomorze,https://t.me/ONRPomorze/467,2025-10-25T17:07:29+00:00,5,ONR,HISTORICAL_MARKERS,"DziÅ› w Szymbarku w swojÄ… ostatniÄ… ziemskÄ… drogÄ™ odprowadzony zostaÅ‚ Pan Andrzej KoÅ‚akowski.  OprÃ³cz rodziny, najbliÅ¼szych przyjaciÃ³Å‚ i sÄ…siadÃ³w zmarÅ‚ego, Å¼egnaÅ‚ go tÅ‚um zÅ‚oÅ¼ony z przedstawicieli najrÃ³"
ONR Pomorze,https://t.me/ONRPomorze,https://t.me/ONRPomorze/473,2025-11-02T17:45:50+00:00,15,"ONR, brygada","RADICAL_ORGANIZATION, HISTORICAL_MARKERS","W polskiej tradycji DzieÅ„ Zaduszny jest dniem wspomnienia naszych najbliÅ¼szych zmarÅ‚ych, co do ktÃ³rych mamy nadziejÄ™, Å¼e dostÄ…pili juÅ¼ Å»ycia Wiecznego.  Jako Brygada Pomorska ONR nie zapominamy o nasz"
ONR Pomorze,https://t.me/ONRPomorze,https://t.me/ONRPomorze/475,2025-11-12T08:57:06+00:00,5,ONR,HISTORICAL_MARKERS,"Marsz NiepodlegÅ‚oÅ›ci A.D. 2025 przeszedÅ‚ do historii.  PatrzÄ…c na reakcje naszych nieszanownych interlokutorÃ³w pod poniÅ¼szym postem, tym bardziej tegorocznÄ… KolumnÄ™ NacjonalistycznÄ… naleÅ¼y uznaÄ‡ za su"
ONR Pomorze,https://t.me/ONRPomorze,https://t.me/ONRPomorze/485,2025-11-18T12:59:57+00:00,5,ONR,HISTORICAL_MARKERS,W minionÄ… sobotÄ™ odbyÅ‚o siÄ™ w GdaÅ„sku wyjÄ…tkowe spotkanie. Na zaproszenie Brygady Pomorskiej ONR oraz trÃ³jmiejskiego Niklota zawitaÅ‚ do TrÃ³jmiasta Pan Janusz WaluÅ›.  Na spotkaniu na ktÃ³rym pojawiÅ‚o si
NX Tools,https://t.me/nx_tools,https://t.me/NX_Tools/2726,2025-11-23T20:58:22+00:00,5,NSZ,HISTORICAL_MARKERS,"DBI v844ru - ultimate solution for NSP\NSZ\XCI installation. Supports installing via MTP, USB (with DBI backend script or dbi-nsw tool), http (from your own server) and more #dbi â€¢ support for 21.0.0;"
NX Tools,https://t.me/nx_tools,https://t.me/NX_Tools/2731,2025-11-28T20:19:12+00:00,5,NSZ,HISTORICAL_MARKERS,"DBI v849ru - ultimate solution for NSP\NSZ\XCI installation. Supports installing via MTP, USB (with DBI backend script or dbi-nsw tool), http (from your own server) and more #dbi â€¢ Support for various"
Ğ“Ñ€Ğ¾Ğ´Ğ½ĞµĞ½ÑĞºĞ¸Ğµ ÑĞ»Ğ¸Ğ²Ñ‹ - Ğ½Ğ¾Ğ²Ğ¾ÑÑ‚Ğ¸ Ğ“Ñ€Ğ¾Ğ´Ğ½Ğ¾,https://t.me/grodnosliv,https://t.me/grodnosliv/42460,2025-11-28T11:14:33+00:00,30,Ğ¾Ğ±ÑŠĞµĞºÑ‚,RUSSIAN_UKRAINIAN_RECRUITMENT,"â€¼ï¸ĞŸĞ¾Ğ¶Ğ°Ñ€ Ğ¿Ñ€Ğ¾Ğ¸Ğ·Ğ¾ÑˆÑ‘Ğ» Ğ½Ğ° Ğ˜Ğ³Ğ½Ğ°Ğ»Ğ¸Ğ½ÑĞºĞ¾Ğ¹ ĞĞ­Ğ¡ Ğ² Ğ›Ğ¸Ñ‚Ğ²Ğµ  ĞĞ° Ğ´ĞµĞ¼Ğ¾Ğ½Ñ‚Ğ¸Ñ€ÑƒĞµĞ¼Ğ¾Ğ¹ Ğ˜Ğ³Ğ½Ğ°Ğ»Ğ¸Ğ½ÑĞºĞ¾Ğ¹ Ğ°Ñ‚Ğ¾Ğ¼Ğ½Ğ¾Ğ¹ ÑĞ»ĞµĞºÑ‚Ñ€Ğ¾ÑÑ‚Ğ°Ğ½Ñ†Ğ¸Ğ¸ Ğ² Ğ±Ğ»Ğ¾ĞºĞµ Ğ¿ĞµÑ€ĞµÑ€Ğ°Ğ±Ğ¾Ñ‚ĞºĞ¸ Ğ¾Ñ‚Ñ…Ğ¾Ğ´Ğ¾Ğ² Ğ¿Ñ€Ğ¾Ğ¸Ğ·Ğ¾ÑˆĞ»Ğ¾ Ğ²Ğ¾Ğ·Ğ³Ğ¾Ñ€Ğ°Ğ½Ğ¸Ğµ. ĞĞ³Ğ¾Ğ½ÑŒ Ğ±Ñ‹Ğ» Ğ»Ğ¾ĞºĞ°Ğ»Ğ¸Ğ·Ğ¾Ğ²Ğ°Ğ½ Ğ·Ğ° 25 Ğ¼Ğ¸Ğ½ÑƒÑ‚, Ğ½Ğ¾ Ğ¿Ğ¾Ğ»Ğ½Ğ¾ÑÑ‚ÑŒÑ Ğ¿Ğ¾Ñ‚Ñƒ"
Ğ“Ñ€Ğ¾Ğ´Ğ½ĞµĞ½ÑĞºĞ¸Ğµ ÑĞ»Ğ¸Ğ²Ñ‹ - Ğ½Ğ¾Ğ²Ğ¾ÑÑ‚Ğ¸ Ğ“Ñ€Ğ¾Ğ´Ğ½Ğ¾,https://t.me/grodnosliv,https://t.me/grodnosliv/42462,2025-11-28T17:41:37+00:00,30,Ğ¾Ğ±ÑŠĞµĞºÑ‚,RUSSIAN_UKRAINIAN_RECRUITMENT,"â€¼ï¸Ğ ÑĞ¸Ñ‚ÑƒĞ°Ñ†Ğ¸Ğ¸ Ğ½Ğ° Ğ³Ñ€Ğ°Ğ½Ğ¸Ñ†Ğµ Ğ¿Ğ¾ÑĞ»Ğµ Ğ§ĞŸ Ğ½Ğ° Ğ˜Ğ³Ğ½Ğ°Ğ»Ğ¸Ğ½ÑĞºĞ¾Ğ¹ Ğ°Ñ‚Ğ¾Ğ¼Ğ½Ğ¾Ğ¹ ÑĞ»ĞµĞºÑ‚Ñ€Ğ¾ÑÑ‚Ğ°Ğ½Ñ†Ğ¸Ğ¸:   ""ĞœÑ‹ Ğ¾ÑÑƒÑ‰ĞµÑÑ‚Ğ²Ğ¸Ğ»Ğ¸ Ğ¸Ğ·Ğ¼ĞµÑ€ĞµĞ½Ğ¸Ğµ Ğ¼Ğ¾Ñ‰Ğ½Ğ¾ÑÑ‚Ğ¸ ÑĞºĞ²Ğ¸Ğ²Ğ°Ğ»ĞµĞ½Ñ‚Ğ½Ğ¾Ğ¹ Ğ´Ğ¾Ğ·Ñ‹ Ğ³Ğ°Ğ¼Ğ¼Ğ°-Ğ¸Ğ·Ğ»ÑƒÑ‡ĞµĞ½Ğ¸Ñ Ğ´Ğ¾Ğ·Ğ¸Ğ¼ĞµÑ‚Ñ€Ğ¾Ğ¼-Ñ€Ğ°Ğ´Ğ¸Ğ¾Ğ¼ĞµÑ‚Ñ€Ğ¾Ğ¼ ĞœĞšĞ¡-ĞĞ¢1117Ğœ. ĞŸĞ¾ĞºĞ°Ğ·Ğ°Ñ‚ĞµĞ»Ğ¸ Ğ¿Ğ¾ Ğ¼Ğ¾Ñ‰Ğ½Ğ¾Ñ"
hujayra.uz,https://t.me/hujayrauz,https://t.me/s/hujayrauz,2025-11-29T19:32:55.515460,0,,,No suspicious keywords found in recent messages
Ğ¥Ğ°Ñ€Ñ‚Ğ¸Ñ-97%,https://t.me/charter97_org,https://t.me/charter97_org/187314,2025-11-29T17:49:00+00:00,10,88,SYMBOLS_CODES,Ğ£Ğ¼ĞµÑ€ Ğ±Ğ¾Ğ»ÑŒÑˆĞ¾Ğ¹ Ğ´Ñ€ÑƒĞ³ ÑĞ²Ğ¾Ğ±Ğ¾Ğ´Ğ½Ğ¾Ğ¹ Ğ‘ĞµĞ»Ğ°Ñ€ÑƒÑĞ¸ Ğ¢Ğ¾Ğ¼ Ğ¡Ñ‚Ğ¾Ğ¿Ğ¿Ğ°Ñ€Ğ´  Ğ•Ğ¼Ñƒ Ğ±Ñ‹Ğ»Ğ¾ 88 Ğ»ĞµÑ‚:  https://qnt91x-c97-org.cdn.ampproject.org/c/s/qnt91x.c97.org/ru/news/2025/11/29/664876/
è‚¥ç¾Šå½±éŸ³æ•°ç ç»¼åˆåˆ†äº«,https://t.me/feiyangofficalchannel,https://t.me/s/feiyangofficalchannel,2025-11-29T19:32:58.756919,0,,,No suspicious keywords found in recent messages
ONR GÃ³rny ÅšlÄ…sk,https://t.me/onrgornyslask,https://t.me/onrgornyslask/554,2025-11-23T12:26:34+00:00,30,akcja,RUSSIAN_UKRAINIAN_RECRUITMENT,"âœ…Prezentujemy nowy numer naszego portalu. Zapraszamy do lektury.  ğŸ‘Œ Adrianna GÄ…siorek - Zamiast dzieci mamy psy? Mity, uproszczenia i rzeczywiste przyczyny kryzysu demograficznego ğŸ‘ŒAdam Seweryn - Patr"
MÃ³j PUNKT WIDZENIA,https://t.me/mojPW,https://t.me/s/mojPW,2025-11-29T19:33:02.609583,0,,,No suspicious keywords found in recent messages
Ğ’Ğ°Ñ€ÑˆĞ°Ğ²Ğ° ĞĞ¾Ğ²Ğ¾ÑÑ‚Ğ¸ | The Warsaw,https://t.me/thewwarsaw,https://t.me/s/thewwarsaw,2025-11-29T19:33:04.335985,0,,,No suspicious keywords found in recent messages
PIOTR PANASIUK GEOPOLITYKA,https://t.me/piotrpanasiuk,https://t.me/piotrpanasiuk/37343,2025-11-29T10:05:22+00:00,30,obiekt,RUSSIAN_UKRAINIAN_RECRUITMENT,"Eksplozje w Kijowie: â€Iskanderyâ€, â€Kalibryâ€ i â€Geranieâ€ atakujÄ… obiekty energetyczne  â–ªï¸Armia Rosji atakuje infrastrukturÄ™ energetycznÄ… wroga. W Kijowie wprowadzono awaryjne wyÅ‚Ä…czenia prÄ…du. â–ªï¸Druga "
"Two Continents: Tanie loty, wakacje - codzienna dawka podrÃ³Å¼y!",https://t.me/podrozniczehubcie,https://t.me/podrozniczehubcie/14644,2025-11-28T08:01:17+00:00,10,14,SYMBOLS_CODES,Werona na Walentynki! ğŸ‘ŒğŸ¥°  DokÄ…d: ğŸ‡®ğŸ‡¹ Werona SkÄ…d: ğŸ‡µğŸ‡± KrakÃ³w Za ile: 135 zÅ‚ Kiedy: 14 - 17 lutego Przesiadki: 0  â¡ï¸ KUP BILET
"Two Continents: Tanie loty, wakacje - codzienna dawka podrÃ³Å¼y!",https://t.me/podrozniczehubcie,https://t.me/podrozniczehubcie/14646,2025-11-28T10:05:12+00:00,10,14,SYMBOLS_CODES,DokÄ…d: ğŸ‡¦ğŸ‡± Tirana SkÄ…d: ğŸ‡µğŸ‡± KrakÃ³w Za ile: 225 zÅ‚ Kiedy: 9 - 14 marca Przesiadki: 0  â¡ï¸ KUP BILET
"Two Continents: Tanie loty, wakacje - codzienna dawka podrÃ³Å¼y!",https://t.me/podrozniczehubcie,https://t.me/podrozniczehubcie/14647,2025-11-28T11:01:13+00:00,10,14,SYMBOLS_CODES,Patrzcie jaka cena za IZMIR! âœˆï¸ğŸ‡¹ğŸ‡·  DokÄ…d: ğŸ‡¹ğŸ‡· Izmir SkÄ…d: ğŸ‡µğŸ‡± Warszawa Za ile: 273 zÅ‚ Kiedy: 7 - 14 marca Przesiadki: 0  â¡ï¸ KUP BILET
"Two Continents: Tanie loty, wakacje - codzienna dawka podrÃ³Å¼y!",https://t.me/podrozniczehubcie,https://t.me/podrozniczehubcie/14651,2025-11-28T15:02:37+00:00,10,14,SYMBOLS_CODES,TydzieÅ„ na Cyprze! ğŸ˜â˜€ï¸  DokÄ…d: ğŸ‡¨ğŸ‡¾ Larnaka SkÄ…d: ğŸ‡µğŸ‡± Katowice Za ile: 222 zÅ‚ Kiedy: 14 - 21 marca Przesiadki: 0  â¡ï¸ KUP BILET
Ğ‘ĞµĞ»ÑĞ°Ñ‚,https://t.me/belsat,https://t.me/s/belsat,2025-11-29T19:33:10.819161,0,,,No suspicious keywords found in recent messages
POLSKA SZTUKA WOJNY ğŸ‡µğŸ‡± Wojna Ukraina Rosja Izrael Iran Liban WiadomoÅ›ci Polski KanaÅ‚ Informacyjny Geopolityka bez cenzury,https://t.me/sztuka_wojny,https://t.me/s/sztuka_wojny,2025-11-29T19:33:13.068910,0,,,No suspicious keywords found in recent messages
â€¼ï¸47 Ğ¾ĞºÑ€ĞµĞ¼Ğ° Ğ¼ĞµÑ…Ğ°Ğ½Ñ–Ğ·Ğ¾Ğ²Ğ°Ğ½Ğ° Ğ±Ñ€Ğ¸Ğ³Ğ°Ğ´Ğ° Â«ĞœĞ°Ò‘ÑƒÑ€Ğ°Â»,https://t.me/brygada47,https://t.me/s/brygada47,2025-11-29T19:33:15.119878,0,,,No suspicious keywords found in recent messages
Ğ Ğ°Ğ´Ğ¸Ğ¾_1 â— Ğ‘ĞµĞ»Ğ¾Ñ€ÑƒÑÑĞºĞ¾Ğµ Ñ€Ğ°Ğ´Ğ¸Ğ¾,https://t.me/belradio_1,https://t.me/belradio_1/52739,2025-11-28T17:06:15+00:00,10,14,SYMBOLS_CODES,"ğŸš— Ğ’ Ğ‘ĞµĞ»Ğ°Ñ€ÑƒÑĞ¸ ÑƒĞ¿Ñ€Ğ¾ÑÑ‚Ğ¸Ğ»Ğ¸ Ñ€ĞµĞ³Ğ¸ÑÑ‚Ñ€Ğ°Ñ†Ğ¸Ñ Ğ¸ ÑƒÑ‡ĞµÑ‚ Ñ‚Ñ€Ğ°Ğ½ÑĞ¿Ğ¾Ñ€Ñ‚Ğ½Ñ‹Ñ… ÑÑ€ĞµĞ´ÑÑ‚Ğ²  ĞŸÑ€ĞµĞ¼ÑŒĞµÑ€-Ğ¼Ğ¸Ğ½Ğ¸ÑÑ‚Ñ€ ĞĞ»ĞµĞºÑĞ°Ğ½Ğ´Ñ€ Ğ¢ÑƒÑ€Ñ‡Ğ¸Ğ½ Ğ¿Ğ¾Ğ´Ğ¿Ğ¸ÑĞ°Ğ» Ğ¿Ğ¾ÑÑ‚Ğ°Ğ½Ğ¾Ğ²Ğ»ĞµĞ½Ğ¸Ğµ, ĞºĞ¾Ñ‚Ğ¾Ñ€Ğ¾Ğµ Ğ²Ğ½Ğ¾ÑĞ¸Ñ‚ Ñ€ÑĞ´ Ğ²Ğ°Ğ¶Ğ½Ñ‹Ñ… Ğ¸Ğ·Ğ¼ĞµĞ½ĞµĞ½Ğ¸Ğ¹ Ğ² Ğ¿Ñ€Ğ°Ğ²Ğ¸Ğ»Ğ° Ñ€ĞµĞ³Ğ¸ÑÑ‚Ñ€Ğ°Ñ†Ğ¸Ğ¸ Ğ°Ğ²Ñ‚Ğ¾. Ğ“Ğ»Ğ°Ğ²Ğ½Ğ°Ñ Ñ†ĞµĞ»ÑŒ â€” "
Anatomiya.uz | Tibbiy taâ€˜lim,https://t.me/ANATOMIYA_UZ,https://t.me/s/ANATOMIYA_UZ,2025-11-29T19:33:19.789186,0,,,No suspicious keywords found in recent messages
Ğ”Ğ·ĞµÑ€Ğ¼Ğ°Ğ½Ñ‚,https://t.me/dzermant,https://t.me/dzermant/12300,2025-11-27T05:55:51+00:00,30,Ğ¾Ğ±ÑŠĞµĞºÑ‚,RUSSIAN_UKRAINIAN_RECRUITMENT,"ĞœÑ‹ Ğ½Ğµ Ğ¼Ğ¾Ğ¶ĞµĞ¼ Ğ½Ğµ Ğ·Ğ°Ğ¼ĞµÑ‡Ğ°Ñ‚ÑŒ Ğ¾Ñ‡ĞµĞ²Ğ¸Ğ´Ğ½Ğ¾Ğ³Ğ¾ â€“ Ğ² Ğ Ğ¾ÑÑĞ¸Ğ¸ Ğ°ĞºÑ‚Ğ¸Ğ²Ğ½Ğ¾ Ñ€Ğ°ÑĞºĞ°Ñ‡Ğ¸Ğ²Ğ°ĞµÑ‚ÑÑ Ğ½Ğ°Ñ†Ğ¸Ğ¾Ğ½Ğ°Ğ»Ğ¸ÑÑ‚Ğ¸Ñ‡ĞµÑĞºĞ°Ñ Ğ¸ ĞºÑĞµĞ½Ğ¾Ñ„Ğ¾Ğ±ÑĞºĞ°Ñ Ğ¿Ğ¾Ğ²ĞµÑÑ‚ĞºĞ°. ĞŸĞ¾Ğ»Ğ°Ğ³Ğ°Ñ, Ñ‡Ñ‚Ğ¾ ÑÑ‚Ğ¾ Ğ¾Ğ´Ğ¸Ğ½ Ğ¸Ğ· Ğ¿Ğ¾Ğ±Ğ¾Ñ‡Ğ½Ñ‹Ñ… ÑÑ„Ñ„ĞµĞºÑ‚Ğ¾Ğ² ĞºĞ¾Ğ½Ñ„Ğ»Ğ¸ĞºÑ‚Ğ° Ğ½Ğ° Ğ£ĞºÑ€Ğ°Ğ¸Ğ½Ğµ: ĞµÑĞ»Ğ¸ Ğ´Ğ¾Ğ»Ğ³Ğ¾ Ğ²ÑĞ¼Ğ°Ñ‚Ñ€Ğ¸Ğ²Ğ°Ñ‚ÑŒÑ"
161 Crew,https://t.me/poland_161crew,https://t.me/Poland_161Crew/4259,2025-11-20T12:50:41+00:00,10,14,SYMBOLS_CODES,20 listopada 1936 roku w Madrycie zginÄ…Å‚ legendarny hiszpaÅ„ski anarchista Buenaventura Durruti. UrodziÅ‚ siÄ™ 14 lipca 1896 roku. PracujÄ…c na kolei doÅ‚Ä…czyÅ‚ do anarchistycznych zwiÄ…zkÃ³w zawodowych CNT (
161 Crew,https://t.me/poland_161crew,https://t.me/Poland_161Crew/4262,2025-11-21T16:49:05+00:00,10,14,SYMBOLS_CODES,"ğŸ“£ Weâ€™re touring the Netherlands!  Join us for film screenings, discussion, food, and solidarity fundraising.  ğŸ¥ Documentary: â€œAnti-authoritarians at Warâ€  ğŸ“ 22.11 â€” 14:00 at Anarchist Book Fair Amster"
161 Crew,https://t.me/poland_161crew,https://t.me/Poland_161Crew/4267,2025-11-26T00:26:30+00:00,10,oddziaÅ‚,RADICAL_ORGANIZATION,CzÅ‚onek neonazistowskiej organizacji internetowej M.K.U. (Maniacy Kult ZabÃ³jcÃ³w) MichaÅ‚ Czikwiszwili przyznaÅ‚ siÄ™ do podÅ¼egania do atakÃ³w na tle nienawiÅ›ci oraz rozpowszechniania instrukcji dotyczÄ…cyc
161 Crew,https://t.me/poland_161crew,https://t.me/Poland_161Crew/4268,2025-11-28T07:21:21+00:00,10,88,SYMBOLS_CODES,"""Kilka prostych faktÃ³w, a nie tani populizmâ€ â€“ tak moÅ¼na by zaczÄ…Ä‡ nasz wywÃ³d. W maju tego roku 161crew ( https://t.me/Poland_161Crew/3879 ) na swoim kanale nadawczym opublikowaÅ‚o ciekawÄ… licytacjÄ™ by"
WFW 2025 - 14.06 - KanaÅ‚ Info.,https://t.me/ogloszeniawfw,https://t.me/ogloszeniawfw/193,2025-05-27T13:31:29+00:00,10,14,SYMBOLS_CODES,Channel name was changed to Â«WFW 2025 - 14.06 - KanaÅ‚ Info.Â»
WFW 2025 - 14.06 - KanaÅ‚ Info.,https://t.me/ogloszeniawfw,https://t.me/ogloszeniawfw/198,2025-06-02T18:46:11+00:00,10,14,SYMBOLS_CODES,"ğŸ“£ Do Warszawskiego Fursuitwalka pozostaÅ‚o juÅ¼ niewiele czasu!   â„¹ï¸ Przygotowania do WFW25 nabierajÄ… tempa, wiÄ™c pora porozmawiaÄ‡ o szczegÃ³Å‚ach i zaprezentowaÄ‡ nasz coroczny rozkÅ‚ad jazdy â€“ â€œWarsikâ€. W"
Wroclaw / Ğ’Ñ€Ğ¾Ñ†Ğ»Ğ°Ğ² - ĞŸĞ¾Ğ´Ñ€Ğ°Ğ±Ğ¾Ñ‚ĞºĞ°,https://t.me/wroclaw_time,https://t.me/wroclaw_time/17807,2025-11-25T10:53:07+00:00,30,Ğ¿Ğ¾Ğ´Ñ€Ğ°Ğ±Ğ¾Ñ‚ĞºĞ°,RUSSIAN_UKRAINIAN_RECRUITMENT,"ĞŸĞ¾Ñ‚Ñ€Ñ–Ğ±Ğ½Ğ¾ 2 Ğ¼Ğ¾Ğ»Ğ¾Ğ´Ğ¸Ñ… Ñ…Ğ»Ğ¾Ğ¿ĞµÑ†ÑŒ Ñ , Ğ½Ğ° Ğ·Ğ°Ğ²Ñ‚Ñ€Ğ°, Ñ€Ğ¾Ğ·Ğ³Ñ€ÑƒĞ·Ğ¸Ñ‚Ğ¸ Ğ¼Ğ°ÑˆĞ¸Ğ½Ñƒ, Ğ¾Ğ¿Ğ»Ğ°Ñ‚Ğ° 25 Ğ·Ğ»Ğ¾Ñ‚Ğ¸Ñ… Ğ½Ğ° Ğ³Ğ¾Ğ´Ğ¸Ğ½Ñƒ. Ğ“Ğ¾Ñ‚Ñ–Ğ²ĞºĞ¾Ñ, Ğ¾Ğ´Ñ€Ğ°Ğ·Ñƒ Ğ¿Ñ–ÑĞ»Ñ Ñ€Ğ¾Ğ±Ğ¾Ñ‚Ğ¸ +48736263181 #Ğ¿Ğ¾Ğ´Ñ€Ğ°Ğ±Ğ¾Ñ‚ĞºĞ°"
Wroclaw / Ğ’Ñ€Ğ¾Ñ†Ğ»Ğ°Ğ² - ĞŸĞ¾Ğ´Ñ€Ğ°Ğ±Ğ¾Ñ‚ĞºĞ°,https://t.me/wroclaw_time,https://t.me/wroclaw_time/17808,2025-11-25T11:02:23+00:00,30,Ğ¿Ğ¾Ğ´Ñ€Ğ°Ğ±Ğ¾Ñ‚ĞºĞ°,RUSSIAN_UKRAINIAN_RECRUITMENT,"ğŸ”¥ ĞŸÑ–Ğ´Ñ€Ğ¾Ğ±Ñ–Ñ‚Ğ¾Ğº Ğ´Ğ»Ñ Ğ¶Ñ–Ğ½ĞºĞ¸ ğŸ”¥  ğŸ§¹ ĞŸÑ€Ğ¸Ğ±Ğ¸Ñ€Ğ°Ğ½Ğ½Ñ Ğ½Ğ° Ğ¿Ñ–Ğ´Ğ¿Ñ€Ğ¸Ñ”Ğ¼ÑÑ‚Ğ²Ñ– ROHLING SUSS - 27.11.2025  ğŸ“ ĞĞ´Ñ€ĞµÑĞ°: 55-080 Nowa WieÅ› WrocÅ‚awska, Ğ²ÑƒĞ». Ğ Ğ¸ÑˆĞ°Ñ€Ğ´Ğ° Ğ¥Ğ¾Ğ¼Ñ–Ñ‡Ğ° 13  ğŸ—“ Ğ“Ñ€Ğ°Ñ„Ñ–Ğº: 27.11.2025, 08:00â€“18:00 (10 Ğ³Ğ¾Ğ´Ğ¸Ğ½)  âš ï¸ ĞŸÑ€Ğ°Ñ†Ñ–Ğ²"
Wroclaw / Ğ’Ñ€Ğ¾Ñ†Ğ»Ğ°Ğ² - ĞŸĞ¾Ğ´Ñ€Ğ°Ğ±Ğ¾Ñ‚ĞºĞ°,https://t.me/wroclaw_time,https://t.me/wroclaw_time/17809,2025-11-25T13:26:04+00:00,30,Ğ¿Ğ¾Ğ´Ñ€Ğ°Ğ±Ğ¾Ñ‚ĞºĞ°,RUSSIAN_UKRAINIAN_RECRUITMENT,Pomoc kuchenna- zmywak w piÄ…tek 28.11.2025r od 12:00 do 16:00. Tel. 693 771 889 #Ğ¿Ğ¾Ğ´Ñ€Ğ°Ğ±Ğ¾Ñ‚ĞºĞ°
Wroclaw / Ğ’Ñ€Ğ¾Ñ†Ğ»Ğ°Ğ² - ĞŸĞ¾Ğ´Ñ€Ğ°Ğ±Ğ¾Ñ‚ĞºĞ°,https://t.me/wroclaw_time,https://t.me/wroclaw_time/17811,2025-11-26T08:49:46+00:00,30,Ğ¿Ğ¾Ğ´Ñ€Ğ°Ğ±Ğ¾Ñ‚ĞºĞ°,RUSSIAN_UKRAINIAN_RECRUITMENT,"Ğ£Ğ±Ğ¾Ñ€ĞºĞ° ÑĞ½ĞµĞ³Ğ°, ÑĞµĞ³Ğ¾Ğ´Ğ½Ñ Ğ¾Ñ‚ 16:00. ĞŸĞ¾Ğ´Ñ€Ğ°Ğ±Ğ¾Ñ‚ĞºĞ° Ğ´Ğ»Ñ ÑÑ‚ÑƒĞ´ĞµĞ½Ñ‚Ğ°. Ğ›Ğ¾ĞºĞ°Ğ»Ğ¸Ğ·Ğ°Ñ†Ğ¸Ñ Ğ°Ñ€ĞºĞ°Ğ´Ñ‹ ĞºĞ°Ğ¿Ğ¸Ñ‚Ğ¾Ğ»ÑŒ. 30.5 Ğ½ĞµÑ‚Ñ‚Ğ¾ Ğ² Ñ‡Ğ°Ñ. 453291058 #Ğ¿Ğ¾Ğ´Ñ€Ğ°Ğ±Ğ¾Ñ‚ĞºĞ° #26"
Wroclaw / Ğ’Ñ€Ğ¾Ñ†Ğ»Ğ°Ğ² - ĞŸĞ¾Ğ´Ñ€Ğ°Ğ±Ğ¾Ñ‚ĞºĞ°,https://t.me/wroclaw_time,https://t.me/wroclaw_time/17812,2025-11-26T09:01:07+00:00,30,Ğ¿Ğ¾Ğ´Ñ€Ğ°Ğ±Ğ¾Ñ‚ĞºĞ°,RUSSIAN_UKRAINIAN_RECRUITMENT,ĞŸĞ¾Ñ‚Ñ€Ñ–Ğ±ĞµĞ½ ĞºÑƒÑ€â€™Ñ”Ñ€ Ñ–Ğ· Ğ²Ğ»Ğ°ÑĞ½Ğ¸Ğ¼ Ğ°Ğ²Ñ‚Ğ¾ (Ğ’Ñ€Ğ¾Ñ†Ğ»Ğ°Ğ²) ĞŸÑ–Ğ´Ñ€Ğ¾Ğ±Ñ–Ñ‚Ğ¾Ğº Ğ½Ğ° Ğ¿Ğ¾ÑÑ‚Ñ–Ğ¹Ğ½Ñ–Ğ¹ Ğ¾ÑĞ½Ğ¾Ğ²Ñ–.  ĞĞ¿Ğ»Ğ°Ñ‚Ğ°: 30 zÅ‚ Ğ·Ğ° Ğ´Ğ¾ÑÑ‚Ğ°Ğ²ĞºÑƒ.  Ğ£ÑÑ– Ğ´ĞµÑ‚Ğ°Ğ»Ñ– Ğ»Ğ¸ÑˆĞµ Ğ·Ğ° Ñ‚ĞµĞ»ĞµÑ„Ğ¾Ğ½Ğ¾Ğ¼: 733 927 590 ĞĞ° ĞºĞ¾Ğ¼ĞµĞ½Ñ‚Ğ°Ñ€Ñ– Ğ½Ğµ Ğ²Ñ–Ğ´Ğ¿Ğ¾Ğ²Ñ–Ğ´Ğ°Ñ”Ğ¼Ğ¾.  #Ğ¿Ğ¾Ğ´Ñ€Ğ°Ğ±Ğ¾Ñ‚ĞºĞ° #26
Wroclaw / Ğ’Ñ€Ğ¾Ñ†Ğ»Ğ°Ğ² - ĞŸĞ¾Ğ´Ñ€Ğ°Ğ±Ğ¾Ñ‚ĞºĞ°,https://t.me/wroclaw_time,https://t.me/wroclaw_time/17813,2025-11-26T09:12:36+00:00,30,Ğ¿Ğ¾Ğ´Ñ€Ğ°Ğ±Ğ¾Ñ‚ĞºĞ°,RUSSIAN_UKRAINIAN_RECRUITMENT,POSZUKIWANE OSOBY OD ZARAZ DO SPRZÄ„TANIA PO REMONCIE! Szukamy pomocnikÃ³w do dokoÅ„czenia sprzÄ…tania po remoncie. Praca na dziÅ› i jutro. ğŸ’µ Stawka: 35 zÅ‚ netto / godz. ğŸ“ Lokalizacja: WrocÅ‚aw ğŸ•’ Godziny: d
Wroclaw / Ğ’Ñ€Ğ¾Ñ†Ğ»Ğ°Ğ² - ĞŸĞ¾Ğ´Ñ€Ğ°Ğ±Ğ¾Ñ‚ĞºĞ°,https://t.me/wroclaw_time,https://t.me/wroclaw_time/17814,2025-11-26T14:48:14+00:00,40,"Ğ¿Ğ¾Ğ´Ñ€Ğ°Ğ±Ğ¾Ñ‚ĞºĞ°, 14","RUSSIAN_UKRAINIAN_RECRUITMENT, SYMBOLS_CODES","ĞŸĞ¾Ñ‚Ñ€Ñ–Ğ±ĞµĞ½ Ğ¿Ñ€Ğ°Ñ†Ñ–Ğ²Ğ½Ğ¸Ğº Ğ½Ğ° Ğ·Ğ°Ğ¼Ñ–Ğ½Ñƒ (1â€“5 Ğ³Ñ€ÑƒĞ´Ğ½Ñ) ğŸ“ Ğ’Ñ€Ğ¾Ñ†Ğ»Ğ°Ğ², Ğ²ÑƒĞ». TÄ™czowa 105 ğŸ• Ğ“Ğ¾Ğ´Ğ¸Ğ½Ğ¸ Ñ€Ğ¾Ğ±Ğ¾Ñ‚Ğ¸: 6:00â€“14:00 ğŸ’° Ğ¡Ñ‚Ğ°Ğ²ĞºĞ°: 26,50 Ğ·Ğ» Ğ½ĞµÑ‚Ñ‚Ğ¾/Ğ³Ğ¾Ğ´ ğŸ”§ ĞŸĞ¾ÑĞ°Ğ´Ğ°: Ğ¿Ñ€Ğ¸Ğ±Ğ¸Ñ€Ğ°Ğ»ÑŒĞ½Ğ¸Ğº (Ğ·Ğ°Ğ¼Ñ–Ğ½Ğ°)  ĞĞ±Ğ¾Ğ²â€™ÑĞ·ĞºĞ¸: â€¢ ĞŸÑ€Ğ¸Ğ±Ğ¸Ñ€Ğ°Ğ½Ğ½Ñ ÑĞ¼Ñ–Ñ‚Ñ‚Ñ”Ğ²Ğ¸Ñ… Ğ·Ğ¾Ğ½ Ñ‚Ğ°"
Wroclaw / Ğ’Ñ€Ğ¾Ñ†Ğ»Ğ°Ğ² - ĞŸĞ¾Ğ´Ñ€Ğ°Ğ±Ğ¾Ñ‚ĞºĞ°,https://t.me/wroclaw_time,https://t.me/wroclaw_time/17816,2025-11-26T17:56:32+00:00,30,Ğ¿Ğ¾Ğ´Ñ€Ğ°Ğ±Ğ¾Ñ‚ĞºĞ°,RUSSIAN_UKRAINIAN_RECRUITMENT,"SORTOWANIE PACZEK-PRACA DODATKOWA W MOKRONOSIE DLN, NOCKI:OD 00;00-9;00,5 DNI W TYG,31.50 ZÅ BRUTTO/H. ZADZWOÅƒ 664 154 102 #Ğ¿Ğ¾Ğ´Ñ€Ğ°Ğ±Ğ¾Ñ‚ĞºĞ°"
Wroclaw / Ğ’Ñ€Ğ¾Ñ†Ğ»Ğ°Ğ² - ĞŸĞ¾Ğ´Ñ€Ğ°Ğ±Ğ¾Ñ‚ĞºĞ°,https://t.me/wroclaw_time,https://t.me/wroclaw_time/17817,2025-11-27T08:16:06+00:00,30,Ğ¿Ğ¾Ğ´Ñ€Ğ°Ğ±Ğ¾Ñ‚ĞºĞ°,RUSSIAN_UKRAINIAN_RECRUITMENT,"ğŸ“” Utrzymanie czystoÅ›ci, dochodzÄ…ce. Od 4000 zÅ‚. Z orzeczeniem.  ğŸ“ WrocÅ‚aw, Stare Miasto, DolnoÅ›lÄ…skie ğŸ’³ PeÅ‚ny etat ğŸ“„ Umowa o pracÄ™  Stanowisko: utrzymanie czystoÅ›ci, dochodzÄ…ce, 3 adresy. Trzy razy dz"
Wroclaw / Ğ’Ñ€Ğ¾Ñ†Ğ»Ğ°Ğ² - ĞŸĞ¾Ğ´Ñ€Ğ°Ğ±Ğ¾Ñ‚ĞºĞ°,https://t.me/wroclaw_time,https://t.me/wroclaw_time/17818,2025-11-27T08:39:48+00:00,30,Ğ¿Ğ¾Ğ´Ñ€Ğ°Ğ±Ğ¾Ñ‚ĞºĞ°,RUSSIAN_UKRAINIAN_RECRUITMENT,"ğŸ“” Praca dla pielÄ™gniarki- pielÄ™gniarza  ğŸ“ WrocÅ‚aw, Stare Miasto, DolnoÅ›lÄ…skie ğŸ’³ NiepeÅ‚ny etat ğŸ“„ Samozatrudnienie, Umowa o pracÄ™, Umowa zlecenie  Praca dla pielÄ™gniarki lub pielÄ™gniarza Przychodnia Lek"
Wroclaw / Ğ’Ñ€Ğ¾Ñ†Ğ»Ğ°Ğ² - ĞŸĞ¾Ğ´Ñ€Ğ°Ğ±Ğ¾Ñ‚ĞºĞ°,https://t.me/wroclaw_time,https://t.me/wroclaw_time/17820,2025-11-27T13:03:49+00:00,70,"praca dorywcza, Ğ¿Ğ¾Ğ´Ñ€Ğ°Ğ±Ğ¾Ñ‚ĞºĞ°","RUSSIAN_UKRAINIAN_RECRUITMENT, RECRUITMENT_PAYMENT","â„ï¸ Praca dorywcza â€“ odÅ›nieÅ¼anie â„ï¸ Poszukujemy osÃ³b chÄ™tnych do pracy dorywczej przy odÅ›nieÅ¼aniu w sezonie zimowym.  Oferujemy: elastycznÄ… pracÄ™ dodatkowÄ… wczeÅ›niejsze powiadomienia o mobilizacjach, m"
Wroclaw / Ğ’Ñ€Ğ¾Ñ†Ğ»Ğ°Ğ² - ĞŸĞ¾Ğ´Ñ€Ğ°Ğ±Ğ¾Ñ‚ĞºĞ°,https://t.me/wroclaw_time,https://t.me/wroclaw_time/17821,2025-11-27T13:11:21+00:00,30,Ğ¿Ğ¾Ğ´Ñ€Ğ°Ğ±Ğ¾Ñ‚ĞºĞ°,RUSSIAN_UKRAINIAN_RECRUITMENT,"ğŸ“” Hotel Sleep szuka osoby na stanowisko pokojowej w weekendy ğŸ“ WrocÅ‚aw, Psie Pole, DolnoÅ›lÄ…skie ğŸ’³ Praca dodatkowa ğŸ“„ Umowa zlecenie  Hotel Sleep mieszczÄ…cy siÄ™ we WrocÅ‚awiu przy ulicy Kominiarskiej 33 "
Wroclaw / Ğ’Ñ€Ğ¾Ñ†Ğ»Ğ°Ğ² - ĞŸĞ¾Ğ´Ñ€Ğ°Ğ±Ğ¾Ñ‚ĞºĞ°,https://t.me/wroclaw_time,https://t.me/wroclaw_time/17822,2025-11-27T14:14:38+00:00,30,Ğ¿Ğ¾Ğ´Ñ€Ğ°Ğ±Ğ¾Ñ‚ĞºĞ°,RUSSIAN_UKRAINIAN_RECRUITMENT,"ğŸ„ [LEAFSTORY] â€” Ğ ĞĞ–Ğ”Ğ•Ğ¡Ğ¢Ğ’Ğ•ĞĞ¡ĞšĞ˜Ğ™ ĞĞĞ‘ĞĞ  Ğ›Ğ˜Ğ¡Ğ¢ĞĞ“Ğ•Ğ ĞĞ•Ğ’ Ğ’Ğ Ğ’Ğ ĞĞ¦Ğ›ĞĞ’Ğ•! ğŸ„  Ğ¥Ğ¾Ñ‡ĞµÑˆÑŒ Ğ´Ğ¾Ğ±Ğ°Ğ²Ğ¸Ñ‚ÑŒ Ğ½ĞµĞ¼Ğ½Ğ¾Ğ³Ğ¾ Ğ²Ğ¾Ğ»ÑˆĞµĞ±ÑÑ‚Ğ²Ğ° Ğ² Ğ·Ğ¸Ğ¼Ğ½Ğ¸Ğµ Ğ´Ğ½Ğ¸ Ğ¸ ÑÑ‚Ğ°Ñ‚ÑŒ Ñ‡Ğ°ÑÑ‚ÑŒÑ ÑƒĞ½Ğ¸ĞºĞ°Ğ»ÑŒĞ½Ğ¾Ğ³Ğ¾ Ğ°Ñ€Ñ‚-Ğ¿Ñ€Ğ¾ĞµĞºÑ‚Ğ°, Ğ³Ğ´Ğµ Ñ„Ğ¾Ñ‚Ğ¾Ğ³Ñ€Ğ°Ñ„Ğ¸Ğ¸ Ğ¾Ğ¶Ğ¸Ğ²Ğ°ÑÑ‚ Ğ¿Ñ€ÑĞ¼Ğ¾ Ğ½Ğ° Ğ½Ğ°ÑÑ‚Ğ¾ÑÑ‰Ğ¸Ñ… Ğ»Ğ°Ğ²Ñ€Ğ¾"
Wroclaw / Ğ’Ñ€Ğ¾Ñ†Ğ»Ğ°Ğ² - ĞŸĞ¾Ğ´Ñ€Ğ°Ğ±Ğ¾Ñ‚ĞºĞ°,https://t.me/wroclaw_time,https://t.me/wroclaw_time/17823,2025-11-27T16:14:39+00:00,60,"Ğ¿Ğ¾Ğ´Ñ€Ğ°Ğ±Ğ¾Ñ‚ĞºĞ°, Ğ¾Ğ±ÑŠĞµĞºÑ‚",RUSSIAN_UKRAINIAN_RECRUITMENT,"ĞÑ‚ Ğ·Ğ°Ğ²Ñ‚Ñ€Ğ° Ğ¸ Ğ´Ğ¾ ĞºĞ¾Ğ½Ñ†Ğ° Ğ½ĞµĞ´ĞµĞ»Ğ¸ Ğ½ÑƒĞ¶Ğ½Ğ° Ğ¶ĞµĞ½Ñ‰Ğ¸Ğ½Ğ°, Ğ½Ğ° ÑƒĞ±Ğ¾Ñ€ĞºÑƒ Ğ´Ğ¾Ğ¼Ğ¸ĞºĞ¾Ğ² Ğ¿Ğ¾ÑĞ»Ğµ ÑÑ‚Ñ€Ğ¾Ğ¹ĞºĞ¸ , Ğ¾Ğ¿Ğ»Ğ°Ñ‚Ğ° 25 Ğ·Ğ»Ğ¾Ñ‚Ñ‹Ñ… Ğ² Ñ‡Ğ°Ñ Ñ€Ğ°Ğ±Ğ¾Ñ‚Ğ° Ñ 7-00 . ĞĞ±ÑŠĞµĞºÑ‚ Ğ½Ğ° ul. StraÅ¼acka Ñ‚Ğ¾Ğ»ÑŒĞºĞ¾ Ğ·Ğ²Ğ¾Ğ½Ğ¸Ñ‚ÑŒ 574 732 203 #Ğ¿Ğ¾Ğ´Ñ€Ğ°Ğ±Ğ¾Ñ‚ĞºĞ°"
Wroclaw / Ğ’Ñ€Ğ¾Ñ†Ğ»Ğ°Ğ² - ĞŸĞ¾Ğ´Ñ€Ğ°Ğ±Ğ¾Ñ‚ĞºĞ°,https://t.me/wroclaw_time,https://t.me/wroclaw_time/17824,2025-11-28T12:12:14+00:00,30,Ğ¿Ğ¾Ğ´Ñ€Ğ°Ğ±Ğ¾Ñ‚ĞºĞ°,RUSSIAN_UKRAINIAN_RECRUITMENT,"ğŸ’ª ĞĞšĞĞ›Ğ˜Ğ¦Ğ† Ğ’Ğ ĞĞ¦Ğ›ĞĞ’Ğ â€” ĞŸĞ†Ğ”Ğ ĞĞ‘Ğ†Ğ¢ĞĞš Ğ”Ğ›Ğ¯ Ğ§ĞĞ›ĞĞ’Ğ†ĞšĞ†Ğ’ (ÑÑ‚Ğ°Ğ±Ñ–Ğ»ÑŒĞ½Ğ¸Ğ¹ Ğ³Ñ€Ğ°Ñ„Ñ–Ğº)  ğŸšš Ğ Ğ¾Ğ·Ğ²Ğ°Ğ½Ñ‚Ğ°Ğ¶ĞµĞ½Ğ½Ñ Ğ¿Ñ€Ğ¾Ğ´ÑƒĞºÑ‚Ñ–Ğ² Ğ´Ğ»Ñ McDonaldâ€™s  ğŸ“… 2â€“3 Ğ·Ğ¼Ñ–Ğ½Ğ¸ Ğ½Ğ° Ñ‚Ğ¸Ğ¶Ğ´ĞµĞ½ÑŒ, Ğ³Ñ€Ğ°Ñ„Ñ–Ğº ÑÑ‚Ğ°Ğ±Ñ–Ğ»ÑŒĞ½Ğ¸Ğ¹ â€” Ğ½Ğ° Ğ¿Ğ¾ÑÑ‚Ñ–Ğ¹Ğ½Ñ–Ğ¹ Ğ¾ÑĞ½Ğ¾Ğ²Ñ–  â±ï¸ Ğ—Ğ¼Ñ–Ğ½Ğ° 3â€“4 Ğ³Ğ¾Ğ´Ğ¸Ğ½Ğ¸  ğŸ“„ ĞÑ„Ñ–"
Wroclaw / Ğ’Ñ€Ğ¾Ñ†Ğ»Ğ°Ğ² - ĞŸĞ¾Ğ´Ñ€Ğ°Ğ±Ğ¾Ñ‚ĞºĞ°,https://t.me/wroclaw_time,https://t.me/wroclaw_time/17825,2025-11-28T13:13:48+00:00,60,"zadanie, Ğ¿Ğ¾Ğ´Ñ€Ğ°Ğ±Ğ¾Ñ‚ĞºĞ°",RUSSIAN_UKRAINIAN_RECRUITMENT,Inwentaryzacje nocne - praca dodatkowa â€“ WrocÅ‚aw i okolice  Spotkania organizacyjne w grudniu! RozpoczÄ™cie od stycznia!  ZgÅ‚oÅ› siÄ™ przez â€Aplikujâ€ lub SMS â€“ szczegÃ³Å‚y na koÅ„cu ogÅ‚oszenia.  Masz wolne 
ONR Brygada MaÅ‚opolska,https://t.me/ONRmalopolska,https://t.me/ONRmalopolska/584,2025-11-13T15:09:53+00:00,15,"CzoÅ‚em Wielkiej Polsce, brygada","RADICAL_ORGANIZATION, NATIONALIST_IDEOLOGY","Podobnie jak w poprzednich latach, Brygada MaÅ‚opolska wziÄ™Å‚a udziaÅ‚ w Marszu NiepodlegÅ‚oÅ›ci. Razem z innymi organizacjami nacjonalistycznymi z Polski i Europy pomaszerowaliÅ›my w Czarnym Bloku.  Chcemy"
ONR Brygada MaÅ‚opolska,https://t.me/ONRmalopolska,https://t.me/ONRmalopolska/589,2025-11-23T12:55:38+00:00,30,akcja,RUSSIAN_UKRAINIAN_RECRUITMENT,"âœ…Prezentujemy nowy numer naszego portalu. Zapraszamy do lektury.  ğŸ‘Œ Adrianna GÄ…siorek - Zamiast dzieci mamy psy? Mity, uproszczenia i rzeczywiste przyczyny kryzysu demograficznego ğŸ‘ŒAdam Seweryn - Patr"
ONR Brygada MaÅ‚opolska,https://t.me/ONRmalopolska,https://t.me/ONRmalopolska/590,2025-11-25T19:39:34+00:00,10,oddziaÅ‚,RADICAL_ORGANIZATION,"GÅ‚oÅ›ny w ostatnim czasie, pierwszy w historii polskich filii francuskiego koncernu motoryzacyjnego Valeo, trwajÄ…cy piÄ™Ä‡ dni strajk generalny, zakoÅ„czyÅ‚ siÄ™ chwilowym ""zawieszeniem broni"" pomiÄ™dzy stra"
Wakacyjnipiraci.pl,https://t.me/wakacyjnipiracipl,https://t.me/s/wakacyjnipiracipl,2025-11-29T19:33:30.497189,0,,,No suspicious keywords found in recent messages
FRONESIS_TELEGRAM,https://t.me/r_fronesis,https://t.me/s/r_fronesis,2025-11-29T19:33:32.972636,0,,,No suspicious keywords found in recent messages
"Tomasz Szmydt - Fundacja ""Polska Prawda"" / Ğ¢Ğ¾Ğ¼Ğ°Ñˆ Ğ¨Ğ¼Ğ¸Ğ´Ñ‚ - Ğ¤Ğ¾Ğ½Ğ´ ""ĞŸĞ¾Ğ»ÑŒÑĞºĞ°Ñ ĞŸÑ€Ğ°Ğ²Ğ´Ğ°""",https://t.me/Tomasz_Szmydt,https://t.me/Tomasz_Szmydt/2108,2025-11-24T19:22:36+00:00,30,Ğ´Ğ¸Ğ²ĞµÑ€ÑĞ¸Ñ,RUSSIAN_UKRAINIAN_RECRUITMENT,â—ï¸Ğ”Ğ¸Ğ²ĞµÑ€ÑĞ¸Ñ Ğ¸Ğ»Ğ¸ Ğ²Ñ‹Ğ·Ğ¾Ğ² Ñ€ĞµĞ°ĞºÑ†Ğ¸Ğ¸ Ğ² Ğ¿Ğ¾Ğ»ÑŒÑĞºĞ¾Ğ¼ Ğ¾Ğ±Ñ‰ĞµÑÑ‚Ğ²Ğµ? Ğ¨Ğ¼Ğ¸Ğ´Ñ‚ Ğ¾Ğ± Ğ¸Ğ½Ñ†Ğ¸Ğ´ĞµĞ½Ñ‚Ğ°Ñ… Ğ½Ğ° Ğ¶ĞµĞ»ĞµĞ·Ğ½Ğ¾Ğ¹ Ğ´Ğ¾Ñ€Ğ¾Ğ³Ğµ Ğ² ĞŸĞ¾Ğ»ÑŒÑˆĞµ - Ñ‡Ğ¸Ñ‚Ğ°Ğ¹Ñ‚Ğµ Ğ·Ğ´ĞµÑÑŒ ğŸ‘ˆ
"Tomasz Szmydt - Fundacja ""Polska Prawda"" / Ğ¢Ğ¾Ğ¼Ğ°Ñˆ Ğ¨Ğ¼Ğ¸Ğ´Ñ‚ - Ğ¤Ğ¾Ğ½Ğ´ ""ĞŸĞ¾Ğ»ÑŒÑĞºĞ°Ñ ĞŸÑ€Ğ°Ğ²Ğ´Ğ°""",https://t.me/Tomasz_Szmydt,https://t.me/Tomasz_Szmydt/2112,2025-11-26T13:15:02+00:00,5,Dmowski,HISTORICAL_MARKERS,"â€¼ï¸Czy to Rosja lub BiaÅ‚oruÅ› majÄ… roszczenia do terytorium Polski?  Nie, roszczenia te majÄ… Niemcy, Litwa i Ukraina. Zadajmy sobie jeszcze jedno pytanie: czemu Polacy w ogÃ³le nie zwracajÄ… uwagi na to z"
Ğ§Ğ°Ğ¹ Ğ· Ğ¼Ğ°Ğ»Ğ¸Ğ½Ğ°Ğ²Ñ‹Ğ¼ Ğ²Ğ°Ñ€ÑĞ½Ğ½ĞµĞ¼ â€” Ğ‘ĞµĞ»Ğ°Ñ€ÑƒÑÑŒ ĞĞ¾Ğ²Ğ¾ÑÑ‚Ğ¸,https://t.me/belteanews,https://t.me/belteanews/28179,2025-11-28T14:00:51+00:00,30,Ğ°ĞºÑ†Ğ¸Ñ,RUSSIAN_UKRAINIAN_RECRUITMENT,"ĞĞºÑ†Ğ¸Ñ Ğ½Ğ° Ğ§Ñ‘Ñ€Ğ½ÑƒÑ ĞŸÑÑ‚Ğ½Ğ¸Ñ†Ñƒ, ĞºĞ¾Ñ‚Ğ¾Ñ€ÑƒÑ Ğ¼Ñ‹ ÑĞ¾Ğ²ĞµÑ€ÑˆĞµĞ½Ğ½Ğ¾ Ñ‚Ğ¾Ñ‡Ğ½Ğ¾ Ğ½Ğ¸ Ñƒ ĞºĞ¾Ğ³Ğ¾ Ğ½Ğµ Ğ¿Ğ¾Ğ´ÑĞ¼Ğ¾Ñ‚Ñ€ĞµĞ»Ğ¸.  Ğ”Ğ¾ Ğ¿Ğ¾Ğ½ĞµĞ´ĞµĞ»ÑŒĞ½Ğ¸ĞºĞ° Ğ¼Ğ¾Ğ¶Ğ½Ğ¾ ĞºÑƒĞ¿Ğ¸Ñ‚ÑŒ 2 Ñ€ĞµĞºĞ»Ğ°Ğ¼Ğ½Ñ‹Ñ… Ğ¿Ğ¾ÑÑ‚Ğ° Ğ¿Ğ¾ Ñ†ĞµĞ½Ğµ Ğ¿Ğ¾Ğ»Ğ¾Ğ²Ğ¸Ğ½Ñ‹ Ğ¾Ñ‚ 2. Ğ‘Ğ¾Ğ»ÑŒÑˆĞµ Ñ‚Ğ¾Ğ¶Ğµ Ğ¼Ğ¾Ğ¶Ğ½Ğ¾, Ğ½Ğ¾ Ñ‚Ğ°Ğ¼ ÑĞ»Ğ¾Ğ¶Ğ½Ñ‹Ğµ Ğ²Ñ‹Ñ‡Ğ¸ÑĞ»ĞµĞ½Ğ¸Ñ.  Ğ•ÑĞ»"
 neÄŒT24,https://t.me/neCT24,https://t.me/s/neCT24,2025-11-29T19:33:42.176833,0,,,No suspicious keywords found in recent messages
NX Tools,https://t.me/NX_Tools,https://t.me/NX_Tools/2726,2025-11-23T20:58:22+00:00,5,NSZ,HISTORICAL_MARKERS,"DBI v844ru - ultimate solution for NSP\NSZ\XCI installation. Supports installing via MTP, USB (with DBI backend script or dbi-nsw tool), http (from your own server) and more #dbi â€¢ support for 21.0.0;"
NX Tools,https://t.me/NX_Tools,https://t.me/NX_Tools/2731,2025-11-28T20:19:12+00:00,5,NSZ,HISTORICAL_MARKERS,"DBI v849ru - ultimate solution for NSP\NSZ\XCI installation. Supports installing via MTP, USB (with DBI backend script or dbi-nsw tool), http (from your own server) and more #dbi â€¢ Support for various"
VandaliNation,https://t.me/vandalination,https://t.me/s/vandalination,2025-11-29T19:33:45.763522,0,,,No suspicious keywords found in recent messages
Nacjonalistyczne WybrzeÅ¼e,https://t.me/balticwhiteboys,https://t.me/balticwhiteboys/112,2021-11-12T17:37:18+00:00,30,akcja,RUSSIAN_UKRAINIAN_RECRUITMENT,"W Å›rodÄ™ 10 listopada organizacja ukraiÅ„skich identarystÃ³w ""Narodowy OpÃ³r"" zorganizowaÅ‚a manifestacjÄ™ pod AmbasadÄ… BiaÅ‚orusi w Kijowie. ByÅ‚a to akcja przeciwko terroryzowaniu Polski oraz BiaÅ‚orusi prze"
AN ÅÃ“DÅ¹,https://t.me/anlodz,https://t.me/s/anlodz,2025-11-29T19:33:49.037468,0,,,No suspicious keywords found in recent messages
